Indicator Category,Year,Gender,Race/ Ethnicity,Value,Place
Cancer,2012,Female,Black,38.0,"Chicago, IL"
Cancer,2010,Both,Other,61.7,"Boston, MA"
Cancer,2010,Both,White,188.6,"Boston, MA"
Cancer,2010,Both,Asian/PI,146.7,"Boston, MA"
Cancer,2010,Both,Black,220.8,"Boston, MA"
Cancer,2010,Both,Hispanic,114.4,"Boston, MA"
Cancer,2010,Male,All,226.1,"Boston, MA"
Cancer,2010,Both,All,181.6,"Boston, MA"
Cancer,2010,Female,All,150.5,"Boston, MA"
Cancer,2010,Male,All,223.9,"Chicago, IL"
Cancer,2010,Female,All,168.0,"Chicago, IL"
Cancer,2010,Both,All,189.4,"Chicago, IL"
Cancer,2010,Both,Asian/PI,106.9,"Chicago, IL"
Cancer,2010,Both,Black,244.8,"Chicago, IL"
Cancer,2010,Both,Hispanic,106.5,"Chicago, IL"
Cancer,2010,Both,White,186.5,"Chicago, IL"
Cancer,2010,Male,All,218.6,"Fort Worth (Tarrant County), TX"
Cancer,2010,Female,All,141.3,"Fort Worth (Tarrant County), TX"
Cancer,2010,Both,All,172.2,"Fort Worth (Tarrant County), TX"
Cancer,2010,Both,Black,207.2,"Fort Worth (Tarrant County), TX"
Cancer,2010,Both,Hispanic,106.9,"Fort Worth (Tarrant County), TX"
Cancer,2010,Both,Other,103.5,"Fort Worth (Tarrant County), TX"
Cancer,2010,Both,White,180.7,"Fort Worth (Tarrant County), TX"
Cancer,2010,Male,All,203.3,"Houston, TX"
Cancer,2010,Female,All,134.4,"Houston, TX"
Cancer,2010,Both,All,162.2,"Houston, TX"
Cancer,2010,Both,Black,214.4,"Houston, TX"
Cancer,2010,Both,Hispanic,117.2,"Houston, TX"
Cancer,2010,Both,Other,108.6,"Houston, TX"
Cancer,2010,Both,White,167.2,"Houston, TX"
Cancer,2010,Male,All,104.0,"Los Angeles, CA"
Cancer,2010,Female,All,77.4,"Los Angeles, CA"
Cancer,2010,Both,All,88.5,"Los Angeles, CA"
Cancer,2010,Both,Asian/PI,79.8,"Los Angeles, CA"
Cancer,2010,Both,Black,238.7,"Los Angeles, CA"
Cancer,2010,Male,All,93.2,"Phoenix, AZ"
Cancer,2010,Both,Hispanic,83.1,"Los Angeles, CA"
Cancer,2010,Both,White,56.6,"Los Angeles, CA"
Cancer,2010,Male,All,178.6,"Miami (Miami-Dade County), FL"
Cancer,2010,Female,All,112.8,"Miami (Miami-Dade County), FL"
Cancer,2010,Both,All,140.1,"Miami (Miami-Dade County), FL"
Cancer,2010,Both,Black,178.8,"Miami (Miami-Dade County), FL"
Cancer,2010,Both,Hispanic,127.9,"Miami (Miami-Dade County), FL"
Cancer,2010,Both,White,156.9,"Miami (Miami-Dade County), FL"
Cancer,2010,Male,All,250.5,"Philadelphia, PA"
Cancer,2010,Female,All,160.6,"Philadelphia, PA"
Cancer,2010,Both,All,196.1,"Philadelphia, PA"
Cancer,2010,Both,Asian/PI,120.3,"Philadelphia, PA"
Cancer,2010,Both,Black,242.2,"Philadelphia, PA"
Cancer,2010,Both,Hispanic,104.7,"Philadelphia, PA"
Cancer,2010,Both,White,175.7,"Philadelphia, PA"
Cancer,2010,Female,All,101.9,"Phoenix, AZ"
Cancer,2010,Both,All,98.0,"Phoenix, AZ"
Cancer,2010,Both,Asian/PI,59.2,"Phoenix, AZ"
Cancer,2010,Both,Black,91.6,"Phoenix, AZ"
Cancer,2010,Both,Hispanic,0.0,"Phoenix, AZ"
Cancer,2010,Both,Multiracial,0.0,"Phoenix, AZ"
Cancer,2010,Both,Native American,22.3,"Phoenix, AZ"
Cancer,2010,Both,Other,1.6,"Phoenix, AZ"
Cancer,2010,Both,White,178.7,"Phoenix, AZ"
Cancer,2010,Male,All,193.1,"San Diego County, CA"
Cancer,2010,Female,All,138.6,"San Diego County, CA"
Cancer,2010,Both,All,161.3,"San Diego County, CA"
Cancer,2010,Both,Native American,122.4,U.S. Total
Cancer,2010,Both,Asian/PI,120.6,"San Diego County, CA"
Cancer,2010,Both,Black,204.9,"San Diego County, CA"
Cancer,2010,Both,Hispanic,130.7,"San Diego County, CA"
Cancer,2010,Both,Other,120.3,"San Diego County, CA"
Cancer,2010,Both,White,172.4,"San Diego County, CA"
Cancer,2010,Both,All,172.8,U.S. Total
Cancer,2010,Male,All,209.9,U.S. Total
Cancer,2010,Female,All,146.7,U.S. Total
Cancer,2010,Both,Asian/PI,108.9,U.S. Total
Cancer,2010,Both,Black,208.8,U.S. Total
Cancer,2010,Both,Hispanic,119.7,U.S. Total
Cancer,2010,Both,White,176.5,U.S. Total
Cancer,2010,Male,All,211.5,"Washington, DC"
Cancer,2010,Female,All,156.6,"Washington, DC"
Cancer,2010,Both,All,176.1,"Washington, DC"
Cancer,2010,Both,Black,211.0,"Washington, DC"
Cancer,2010,Both,Hispanic,120.4,"Washington, DC"
Cancer,2010,Both,White,136.1,"Washington, DC"
Cancer,2011,Male,All,196.2,"Atlanta (Fulton County), GA"
Cancer,2011,Female,All,147.0,"Atlanta (Fulton County), GA"
Cancer,2011,Both,All,165.2,"Atlanta (Fulton County), GA"
Cancer,2011,Both,Black,216.0,"Atlanta (Fulton County), GA"
Cancer,2011,Both,White,132.0,"Atlanta (Fulton County), GA"
Cancer,2011,Both,All,171.1,"Boston, MA"
Cancer,2011,Female,All,138.4,"Boston, MA"
Cancer,2011,Male,All,223.5,"Boston, MA"
Cancer,2011,Both,Asian/PI,118.7,"Boston, MA"
Cancer,2011,Both,Black,208.9,"Boston, MA"
Cancer,2011,Both,Hispanic,117.2,"Boston, MA"
Cancer,2011,Both,Other,43.8,"Boston, MA"
Cancer,2011,Both,White,180.2,"Boston, MA"
Cancer,2011,Male,All,225.7,"Chicago, IL"
Cancer,2011,Female,All,154.4,"Chicago, IL"
Cancer,2011,Both,All,182.5,"Chicago, IL"
Cancer,2011,Both,Asian/PI,123.7,"Chicago, IL"
Cancer,2011,Both,Black,232.7,"Chicago, IL"
Cancer,2011,Both,Hispanic,120.0,"Chicago, IL"
Cancer,2011,Both,White,173.8,"Chicago, IL"
Cancer,2011,Male,All,219.2,"Denver, CO"
Cancer,2011,Female,All,141.2,"Denver, CO"
Cancer,2011,Both,All,174.1,"Denver, CO"
Cancer,2011,Both,Asian/PI,179.0,"Denver, CO"
Cancer,2011,Both,Black,214.4,"Denver, CO"
Cancer,2011,Both,Hispanic,160.5,"Denver, CO"
Cancer,2011,Both,Native American,222.3,"Denver, CO"
Cancer,2011,Both,Other,129.7,"Denver, CO"
Cancer,2011,Both,White,173.1,"Denver, CO"
Cancer,2011,Male,All,266.4,"Detroit, MI"
Cancer,2011,Female,All,178.3,"Detroit, MI"
Cancer,2011,Both,All,213.3,"Detroit, MI"
Cancer,2011,Both,Black,217.6,"Detroit, MI"
Cancer,2011,Both,Hispanic,118.3,"Detroit, MI"
Cancer,2011,Both,White,175.0,"Detroit, MI"
Cancer,2011,Male,All,217.7,"Fort Worth (Tarrant County), TX"
Cancer,2011,Female,All,141.2,"Fort Worth (Tarrant County), TX"
Cancer,2011,Both,All,172.4,"Fort Worth (Tarrant County), TX"
Cancer,2011,Both,Black,202.2,"Fort Worth (Tarrant County), TX"
Cancer,2011,Both,Hispanic,138.1,"Fort Worth (Tarrant County), TX"
Cancer,2011,Both,Other,124.6,"Fort Worth (Tarrant County), TX"
Cancer,2011,Both,White,176.2,"Fort Worth (Tarrant County), TX"
Cancer,2011,Both,All,160.0,"Houston, TX"
Cancer,2011,Male,All,186.3,"Houston, TX"
Cancer,2011,Female,All,141.5,"Houston, TX"
Cancer,2011,Both,Black,215.4,"Houston, TX"
Cancer,2011,Both,Hispanic,113.8,"Houston, TX"
Cancer,2011,Both,Other,123.5,"Houston, TX"
Cancer,2011,Both,White,164.3,"Houston, TX"
Cancer,2011,Male,All,234.6,"Kansas City, MO"
Cancer,2011,Female,All,164.8,"Kansas City, MO"
Cancer,2011,Both,All,193.0,"Kansas City, MO"
Cancer,2011,Both,Asian/PI,92.7,"Kansas City, MO"
Cancer,2011,Both,Black,225.8,"Kansas City, MO"
Cancer,2011,Both,Hispanic,103.9,"Kansas City, MO"
Cancer,2011,Both,White,180.2,"Kansas City, MO"
Cancer,2011,Male,All,198.4,"Las Vegas (Clark County), NV"
Cancer,2011,Female,All,144.2,"Las Vegas (Clark County), NV"
Cancer,2011,Both,All,166.7,"Las Vegas (Clark County), NV"
Cancer,2011,Both,Black,210.4,"Las Vegas (Clark County), NV"
Cancer,2011,Both,Hispanic,115.8,"Las Vegas (Clark County), NV"
Cancer,2011,Both,Other,160.8,"Las Vegas (Clark County), NV"
Cancer,2011,Both,White,170.0,"Las Vegas (Clark County), NV"
Cancer,2011,Both,Asian/PI,103.4,"Long Beach, CA"
Cancer,2011,Both,Hispanic,115.2,"Long Beach, CA"
Cancer,2011,Female,All,128.0,"Long Beach, CA"
Cancer,2011,Both,All,146.1,"Long Beach, CA"
Cancer,2011,Both,White,150.0,"Long Beach, CA"
Cancer,2011,Both,Multiracial,164.8,"Long Beach, CA"
Cancer,2011,Male,All,174.5,"Long Beach, CA"
Cancer,2011,Both,Black,213.9,"Long Beach, CA"
Cancer,2011,Male,All,98.7,"Los Angeles, CA"
Cancer,2011,Female,All,77.0,"Los Angeles, CA"
Cancer,2011,Both,All,85.9,"Los Angeles, CA"
Cancer,2011,Both,Asian/PI,78.3,"Los Angeles, CA"
Cancer,2011,Both,Black,213.9,"Los Angeles, CA"
Cancer,2011,Both,Hispanic,86.4,"Los Angeles, CA"
Cancer,2011,Both,White,55.6,"Los Angeles, CA"
Cancer,2011,Male,All,171.6,"Miami (Miami-Dade County), FL"
Cancer,2011,Female,All,114.2,"Miami (Miami-Dade County), FL"
Cancer,2011,Both,All,137.8,"Miami (Miami-Dade County), FL"
Cancer,2011,Both,Black,180.2,"Miami (Miami-Dade County), FL"
Cancer,2011,Both,Hispanic,126.3,"Miami (Miami-Dade County), FL"
Cancer,2011,Both,White,147.4,"Miami (Miami-Dade County), FL"
Cancer,2011,Both,All,158.7,"New York, NY"
Cancer,2011,Female,All,138.5,"New York, NY"
Cancer,2011,Male,All,189.1,"New York, NY"
Cancer,2011,Both,Asian/PI,105.8,"New York, NY"
Cancer,2011,Both,Black,184.4,"New York, NY"
Cancer,2011,Both,Hispanic,121.8,"New York, NY"
Cancer,2011,Both,White,180.1,"New York, NY"
Cancer,2011,Male,All,187.8,"Oakland, CA"
Cancer,2011,Female,All,138.2,"Oakland, CA"
Cancer,2011,Both,All,158.7,"Oakland, CA"
Cancer,2011,Both,Asian/PI,130.9,"Oakland, CA"
Cancer,2011,Both,Black,212.7,"Oakland, CA"
Cancer,2011,Both,Hispanic,121.0,"Oakland, CA"
Cancer,2011,Both,Multiracial,109.9,"Oakland, CA"
Cancer,2011,Both,Other,109.9,"Oakland, CA"
Cancer,2011,Both,Other,221.8,"Oakland, CA"
Cancer,2011,Both,White,140.8,"Oakland, CA"
Cancer,2011,Male,All,263.2,"Philadelphia, PA"
Cancer,2011,Female,All,185.8,"Philadelphia, PA"
Cancer,2011,Both,All,214.8,"Philadelphia, PA"
Cancer,2011,Both,Asian/PI,120.9,"Philadelphia, PA"
Cancer,2011,Both,Black,246.1,"Philadelphia, PA"
Cancer,2011,Both,Hispanic,136.9,"Philadelphia, PA"
Cancer,2011,Both,White,209.0,"Philadelphia, PA"
Cancer,2011,Male,All,97.0,"Phoenix, AZ"
Cancer,2011,Female,All,101.8,"Phoenix, AZ"
Cancer,2011,Both,All,100.0,"Phoenix, AZ"
Cancer,2011,Both,Asian/PI,59.1,"Phoenix, AZ"
Cancer,2011,Both,Black,96.5,"Phoenix, AZ"
Cancer,2011,Both,Black,230.4,"Washington, DC"
Cancer,2011,Both,Hispanic,33.4,"Phoenix, AZ"
Cancer,2011,Both,Multiracial,12.6,"Phoenix, AZ"
Cancer,2011,Both,Native American,13.5,"Phoenix, AZ"
Cancer,2011,Both,Other,0.6,"Phoenix, AZ"
Cancer,2011,Both,White,148.6,"Phoenix, AZ"
Cancer,2011,Male,All,204.1,"Portland (Multnomah County), OR"
Cancer,2011,Female,All,157.2,"Portland (Multnomah County), OR"
Cancer,2011,Both,All,175.7,"Portland (Multnomah County), OR"
Cancer,2011,Both,Asian/PI,102.3,"Portland (Multnomah County), OR"
Cancer,2011,Both,Black,217.4,"Portland (Multnomah County), OR"
Cancer,2011,Both,Hispanic,81.0,"Portland (Multnomah County), OR"
Cancer,2011,Both,Native American,84.7,"Portland (Multnomah County), OR"
Cancer,2011,Both,White,181.4,"Portland (Multnomah County), OR"
Cancer,2011,Male,All,269.2,"Sacramento, CA"
Cancer,2011,Female,All,269.2,"Sacramento, CA"
Cancer,2011,Both,All,289.7,"Sacramento, CA"
Cancer,2011,Both,Asian/PI,185.5,"Sacramento, CA"
Cancer,2011,Both,Black,467.0,"Sacramento, CA"
Cancer,2011,Both,Hispanic,96.4,"Sacramento, CA"
Cancer,2011,Both,Native American,176.0,"Sacramento, CA"
Cancer,2011,Both,White,467.0,"Sacramento, CA"
Cancer,2011,Male,All,220.8,"San Antonio, TX"
Cancer,2011,Female,All,117.7,"San Antonio, TX"
Cancer,2011,Both,All,138.9,"San Antonio, TX"
Cancer,2011,Both,Black,225.1,"Seattle, WA"
Cancer,2011,Both,Black,164.0,"San Antonio, TX"
Cancer,2011,Both,Hispanic,135.1,"San Antonio, TX"
Cancer,2011,Both,Other,47.5,"San Antonio, TX"
Cancer,2011,Both,White,151.1,"San Antonio, TX"
Cancer,2011,Male,All,186.4,"San Diego County, CA"
Cancer,2011,Female,All,132.8,"San Diego County, CA"
Cancer,2011,Both,All,155.2,"San Diego County, CA"
Cancer,2011,Both,Asian/PI,116.8,"San Diego County, CA"
Cancer,2011,Both,Black,194.9,"San Diego County, CA"
Cancer,2011,Both,Hispanic,132.2,"San Diego County, CA"
Cancer,2011,Both,Other,145.2,"San Diego County, CA"
Cancer,2011,Both,White,163.4,"San Diego County, CA"
Cancer,2011,Male,All,190.6,"San Jose, CA"
Cancer,2011,Female,All,132.6,"San Jose, CA"
Cancer,2011,Both,All,157.3,"San Jose, CA"
Cancer,2011,Both,Asian/PI,128.1,"San Jose, CA"
Cancer,2011,Both,Black,232.1,"San Jose, CA"
Cancer,2011,Both,Hispanic,145.2,"San Jose, CA"
Cancer,2011,Both,White,183.4,"San Jose, CA"
Cancer,2011,Male,All,200.1,"Seattle, WA"
Cancer,2011,Female,All,136.8,"Seattle, WA"
Cancer,2011,Both,All,163.6,"Seattle, WA"
Cancer,2011,Both,Asian/PI,153.4,"Seattle, WA"
Cancer,2011,Both,Hispanic,111.4,"Seattle, WA"
Cancer,2011,Both,Multiracial,174.9,"Seattle, WA"
Cancer,2011,Both,White,161.7,"Seattle, WA"
Cancer,2011,Male,All,204.0,U.S. Total
Cancer,2011,Female,All,144.0,U.S. Total
Cancer,2011,Both,All,169.0,U.S. Total
Cancer,2011,Both,Asian/PI,105.6,U.S. Total
Cancer,2011,Both,Black,204.0,U.S. Total
Cancer,2011,Both,Hispanic,117.0,U.S. Total
Cancer,2011,Both,Native American,109.4,U.S. Total
Cancer,2011,Both,White,173.0,U.S. Total
Cancer,2011,Both,All,181.0,"Washington, DC"
Cancer,2011,Male,All,213.5,"Washington, DC"
Cancer,2011,Female,All,163.2,"Washington, DC"
Cancer,2011,Both,Hispanic,63.6,"Washington, DC"
Cancer,2011,Both,White,118.8,"Washington, DC"
Cancer,2012,Male,All,199.2,"Atlanta (Fulton County), GA"
Cancer,2012,Female,All,137.6,"Atlanta (Fulton County), GA"
Cancer,2012,Both,All,160.3,"Atlanta (Fulton County), GA"
Cancer,2012,Both,Black,202.7,"Atlanta (Fulton County), GA"
Cancer,2012,Both,White,133.7,"Atlanta (Fulton County), GA"
Cancer,2012,Both,All,213.9,"Baltimore, MD"
Cancer,2012,Both,All,186.3,"Boston, MA"
Cancer,2012,Female,All,159.8,"Boston, MA"
Cancer,2012,Male,All,228.2,"Boston, MA"
Cancer,2012,Both,Asian/PI,131.9,"Boston, MA"
Cancer,2012,Both,Black,209.5,"Boston, MA"
Cancer,2012,Both,Hispanic,132.6,"Boston, MA"
Cancer,2012,Both,Other,73.4,"Boston, MA"
Cancer,2012,Both,White,200.0,"Boston, MA"
Cancer,2012,Male,All,223.1,"Chicago, IL"
Cancer,2012,Female,All,162.3,"Chicago, IL"
Cancer,2012,Both,All,186.1,"Chicago, IL"
Cancer,2012,Both,Asian/PI,101.5,"Chicago, IL"
Cancer,2012,Both,Black,240.1,"Chicago, IL"
Cancer,2012,Both,Hispanic,131.1,"Chicago, IL"
Cancer,2012,Both,White,173.9,"Chicago, IL"
Cancer,2012,Male,All,220.5,"Denver, CO"
Cancer,2012,Female,All,148.0,"Denver, CO"
Cancer,2012,Both,All,177.6,"Denver, CO"
Cancer,2012,Both,Asian/PI,146.4,"Denver, CO"
Cancer,2012,Both,Black,247.3,"Denver, CO"
Cancer,2012,Both,Hispanic,196.5,"Denver, CO"
Cancer,2012,Both,Native American,184.5,"Denver, CO"
Cancer,2012,Both,White,166.4,"Denver, CO"
Cancer,2010,Female,All,30.4,"Washington, DC"
Cancer,2012,Male,All,264.2,"Detroit, MI"
Cancer,2012,Female,All,187.3,"Detroit, MI"
Cancer,2012,Both,All,217.6,"Detroit, MI"
Cancer,2012,Both,Black,222.5,"Detroit, MI"
Cancer,2012,Both,Hispanic,136.7,"Detroit, MI"
Cancer,2012,Both,White,181.6,"Detroit, MI"
Cancer,2012,Male,All,216.8,"Fort Worth (Tarrant County), TX"
Cancer,2012,Female,All,145.8,"Fort Worth (Tarrant County), TX"
Cancer,2012,Both,All,174.3,"Fort Worth (Tarrant County), TX"
Cancer,2012,Both,Black,210.7,"Fort Worth (Tarrant County), TX"
Cancer,2012,Both,Hispanic,138.3,"Fort Worth (Tarrant County), TX"
Cancer,2012,Both,Other,102.0,"Fort Worth (Tarrant County), TX"
Cancer,2012,Both,White,178.5,"Fort Worth (Tarrant County), TX"
Cancer,2012,Male,All,188.6,"Houston, TX"
Cancer,2012,Female,All,140.3,"Houston, TX"
Cancer,2012,Both,All,160.3,"Houston, TX"
Cancer,2012,Both,Black,217.7,"Houston, TX"
Cancer,2012,Both,Hispanic,107.8,"Houston, TX"
Cancer,2012,Both,Other,109.1,"Houston, TX"
Cancer,2012,Both,White,169.9,"Houston, TX"
Cancer,2012,Male,All,231.7,"Kansas City, MO"
Cancer,2012,Both,All,187.0,"Kansas City, MO"
Cancer,2012,Female,All,155.5,"Kansas City, MO"
Cancer,2012,Both,Asian/PI,180.2,"Kansas City, MO"
Cancer,2012,Both,Black,232.6,"Kansas City, MO"
Cancer,2012,Both,Hispanic,111.1,"Kansas City, MO"
Cancer,2012,Both,White,180.0,"Kansas City, MO"
Cancer,2012,Male,All,188.7,"Las Vegas (Clark County), NV"
Cancer,2012,Female,All,139.5,"Las Vegas (Clark County), NV"
Cancer,2012,Both,All,160.2,"Las Vegas (Clark County), NV"
Cancer,2012,Both,Black,203.9,"Las Vegas (Clark County), NV"
Cancer,2012,Both,Hispanic,142.1,"Las Vegas (Clark County), NV"
Cancer,2012,Both,Other,144.0,"Las Vegas (Clark County), NV"
Cancer,2012,Both,White,160.6,"Las Vegas (Clark County), NV"
Cancer,2012,Both,Asian/PI,108.4,"Long Beach, CA"
Cancer,2012,Female,All,114.7,"Long Beach, CA"
Cancer,2012,Both,Hispanic,125.9,"Long Beach, CA"
Cancer,2012,Both,All,134.2,"Long Beach, CA"
Cancer,2012,Both,White,151.7,"Long Beach, CA"
Cancer,2012,Both,Black,158.2,"Long Beach, CA"
Cancer,2012,Male,All,162.3,"Long Beach, CA"
Cancer,2012,Both,Multiracial,234.7,"Long Beach, CA"
Cancer,2012,Female,All,72.4,"Los Angeles, CA"
Cancer,2012,Male,All,97.7,"Los Angeles, CA"
Cancer,2012,Both,All,83.1,"Los Angeles, CA"
Cancer,2012,Both,Asian/PI,75.7,"Los Angeles, CA"
Cancer,2012,Both,Black,206.4,"Los Angeles, CA"
Cancer,2012,Both,Hispanic,75.8,"Los Angeles, CA"
Cancer,2012,Both,White,57.6,"Los Angeles, CA"
Cancer,2012,Female,All,116.2,"Miami (Miami-Dade County), FL"
Cancer,2012,Male,All,173.8,"Miami (Miami-Dade County), FL"
Cancer,2012,Both,All,139.6,"Miami (Miami-Dade County), FL"
Cancer,2012,Both,Black,165.8,"Miami (Miami-Dade County), FL"
Cancer,2012,Both,Hispanic,130.8,"Miami (Miami-Dade County), FL"
Cancer,2012,Both,White,151.8,"Miami (Miami-Dade County), FL"
Cancer,2012,Male,All,202.3,"Minneapolis, MN"
Cancer,2012,Female,All,142.2,"Minneapolis, MN"
Cancer,2012,Both,All,168.1,"Minneapolis, MN"
Cancer,2012,Both,Black,246.1,"Minneapolis, MN"
Cancer,2012,Both,Hispanic,72.8,"Minneapolis, MN"
Cancer,2012,Both,Other,145.7,"Minneapolis, MN"
Cancer,2012,Both,White,157.7,"Minneapolis, MN"
Cancer,2012,Both,All,155.1,"New York, NY"
Cancer,2012,Female,All,135.6,"New York, NY"
Cancer,2012,Male,All,184.8,"New York, NY"
Cancer,2012,Both,Asian/PI,108.3,"New York, NY"
Cancer,2012,Both,Black,178.6,"New York, NY"
Cancer,2012,Both,Hispanic,119.4,"New York, NY"
Cancer,2012,Both,White,175.3,"New York, NY"
Cancer,2012,Female,All,174.8,"Philadelphia, PA"
Cancer,2012,Male,All,259.0,"Philadelphia, PA"
Cancer,2012,Both,All,206.8,"Philadelphia, PA"
Cancer,2012,Both,Asian/PI,101.4,"Philadelphia, PA"
Cancer,2012,Both,Black,235.7,"Philadelphia, PA"
Cancer,2012,Both,Hispanic,160.6,"Philadelphia, PA"
Cancer,2012,Both,White,189.5,"Philadelphia, PA"
Cancer,2012,Male,All,107.4,"Phoenix, AZ"
Cancer,2012,Female,All,109.1,"Phoenix, AZ"
Cancer,2012,Both,All,109.1,"Phoenix, AZ"
Cancer,2012,Both,Asian/PI,60.1,"Phoenix, AZ"
Cancer,2012,Both,Black,111.5,"Phoenix, AZ"
Cancer,2012,Both,Hispanic,36.6,"Phoenix, AZ"
Cancer,2012,Both,Multiracial,24.6,"Phoenix, AZ"
Cancer,2012,Both,Native American,39.5,"Phoenix, AZ"
Cancer,2012,Both,Other,1.9,"Phoenix, AZ"
Cancer,2012,Both,White,158.6,"Phoenix, AZ"
Cancer,2012,Male,All,203.7,"Portland (Multnomah County), OR"
Cancer,2012,Female,All,146.1,"Portland (Multnomah County), OR"
Cancer,2012,Both,All,169.9,"Portland (Multnomah County), OR"
Cancer,2012,Both,Asian/PI,142.3,"Portland (Multnomah County), OR"
Cancer,2012,Both,Black,258.8,"Portland (Multnomah County), OR"
Cancer,2012,Both,Hispanic,84.6,"Portland (Multnomah County), OR"
Cancer,2012,Both,Native American,141.3,"Portland (Multnomah County), OR"
Cancer,2012,Both,White,170.2,"Portland (Multnomah County), OR"
Cancer,2012,Male,All,267.4,"Sacramento, CA"
Cancer,2012,Female,All,267.4,"Sacramento, CA"
Cancer,2012,Both,All,302.2,"Sacramento, CA"
Cancer,2012,Both,Asian/PI,223.9,"Sacramento, CA"
Cancer,2012,Both,Black,492.0,"Sacramento, CA"
Cancer,2012,Both,Hispanic,108.2,"Sacramento, CA"
Cancer,2012,Both,Native American,364.2,"Sacramento, CA"
Cancer,2012,Both,White,492.0,"Sacramento, CA"
Cancer,2012,Male,All,167.6,"San Antonio, TX"
Cancer,2012,Female,All,115.9,"San Antonio, TX"
Cancer,2012,Both,All,137.5,"San Antonio, TX"
Cancer,2012,Both,Black,171.0,"San Antonio, TX"
Cancer,2012,Both,Hispanic,126.9,"San Antonio, TX"
Cancer,2012,Both,Other,89.0,"San Antonio, TX"
Cancer,2012,Both,White,146.2,"San Antonio, TX"
Cancer,2012,Male,All,186.4,"San Diego County, CA"
Cancer,2012,Female,All,137.5,"San Diego County, CA"
Cancer,2010,Both,All,38.4,"Washington, DC"
Cancer,2012,Both,All,158.3,"San Diego County, CA"
Cancer,2012,Both,Asian/PI,120.9,"San Diego County, CA"
Cancer,2012,Both,Black,225.5,"San Diego County, CA"
Cancer,2012,Both,Hispanic,123.4,"San Diego County, CA"
Cancer,2012,Both,Other,157.6,"San Diego County, CA"
Cancer,2012,Both,White,169.4,"San Diego County, CA"
Cancer,2012,Male,All,181.3,"San Jose, CA"
Cancer,2012,Female,All,128.3,"San Jose, CA"
Cancer,2012,Both,All,150.6,"San Jose, CA"
Cancer,2012,Both,Asian/PI,122.6,"San Jose, CA"
Cancer,2012,Both,Black,213.8,"San Jose, CA"
Cancer,2012,Both,Hispanic,131.8,"San Jose, CA"
Cancer,2012,Both,White,177.6,"San Jose, CA"
Cancer,2012,Male,All,186.3,"Seattle, WA"
Cancer,2012,Female,All,132.0,"Seattle, WA"
Cancer,2012,Both,All,152.9,"Seattle, WA"
Cancer,2012,Both,Asian/PI,123.9,"Seattle, WA"
Cancer,2012,Both,Black,207.2,"Seattle, WA"
Cancer,2012,Both,Hispanic,81.7,"Seattle, WA"
Cancer,2012,Both,Multiracial,59.8,"Seattle, WA"
Cancer,2012,Both,White,156.4,"Seattle, WA"
Cancer,2012,Male,All,200.3,U.S. Total
Cancer,2012,Female,All,142.1,U.S. Total
Cancer,2012,Both,All,166.5,U.S. Total
Cancer,2012,Both,Asian/PI,104.2,U.S. Total
Cancer,2012,Both,Black,198.6,U.S. Total
Cancer,2012,Both,Hispanic,116.9,U.S. Total
Cancer,2012,Both,Native American,111.4,U.S. Total
Cancer,2012,Both,White,170.6,U.S. Total
Cancer,2012,Male,All,215.8,"Washington, DC"
Cancer,2012,Female,All,158.2,"Washington, DC"
Cancer,2012,Both,All,179.5,"Washington, DC"
Cancer,2012,Both,Black,217.5,"Washington, DC"
Cancer,2012,Both,Hispanic,158.8,"Washington, DC"
Cancer,2012,Both,White,128.4,"Washington, DC"
Cancer,2013,Male,All,195.8,"Atlanta (Fulton County), GA"
Cancer,2013,Female,All,135.5,"Atlanta (Fulton County), GA"
Cancer,2013,Both,All,159.3,"Atlanta (Fulton County), GA"
Cancer,2013,Both,Black,208.3,"Atlanta (Fulton County), GA"
Cancer,2013,Both,White,128.8,"Atlanta (Fulton County), GA"
Cancer,2013,Male,All,226.4,"Chicago, IL"
Cancer,2013,Female,All,162.0,"Chicago, IL"
Cancer,2013,Both,All,187.2,"Chicago, IL"
Cancer,2013,Both,Asian/PI,145.9,"Chicago, IL"
Cancer,2013,Both,Black,223.6,"Chicago, IL"
Cancer,2013,Both,Hispanic,134.4,"Chicago, IL"
Cancer,2013,Both,White,188.7,"Chicago, IL"
Cancer,2013,Male,All,215.2,"Denver, CO"
Cancer,2013,Female,All,151.1,"Denver, CO"
Cancer,2013,Both,All,177.6,"Denver, CO"
Cancer,2013,Both,Asian/PI,77.0,"Denver, CO"
Cancer,2013,Both,Black,248.9,"Denver, CO"
Cancer,2013,Both,Hispanic,177.2,"Denver, CO"
Cancer,2013,Both,Native American,453.5,"Denver, CO"
Cancer,2013,Both,Other,51.4,"Denver, CO"
Cancer,2013,Both,White,174.5,"Denver, CO"
Cancer,2013,Male,All,252.5,"Detroit, MI"
Cancer,2013,Female,All,182.9,"Detroit, MI"
Cancer,2013,Both,All,210.6,"Detroit, MI"
Cancer,2013,Both,Black,219.1,"Detroit, MI"
Cancer,2013,Both,Hispanic,90.9,"Detroit, MI"
Cancer,2013,Both,White,157.2,"Detroit, MI"
Cancer,2013,Male,All,207.6,"Kansas City, MO"
Cancer,2013,Female,All,151.7,"Kansas City, MO"
Cancer,2013,Both,All,177.2,"Kansas City, MO"
Cancer,2013,Both,Asian/PI,165.2,"Kansas City, MO"
Cancer,2013,Both,Black,228.3,"Kansas City, MO"
Cancer,2013,Both,Hispanic,127.8,"Kansas City, MO"
Cancer,2013,Both,White,175.3,"Kansas City, MO"
Cancer,2013,Male,All,193.3,"Las Vegas (Clark County), NV"
Cancer,2013,Female,All,139.5,"Las Vegas (Clark County), NV"
Cancer,2013,Both,All,162.1,"Las Vegas (Clark County), NV"
Cancer,2013,Both,Black,195.6,"Las Vegas (Clark County), NV"
Cancer,2013,Both,Hispanic,147.6,"Las Vegas (Clark County), NV"
Cancer,2013,Both,Other,152.4,"Las Vegas (Clark County), NV"
Cancer,2013,Both,White,162.1,"Las Vegas (Clark County), NV"
Cancer,2013,Both,Asian/PI,88.4,"Long Beach, CA"
Cancer,2013,Both,Multiracial,104.5,"Long Beach, CA"
Cancer,2013,Both,Hispanic,107.4,"Long Beach, CA"
Cancer,2013,Female,All,118.1,"Long Beach, CA"
Cancer,2013,Both,All,130.9,"Long Beach, CA"
Cancer,2013,Both,Black,189.4,"Minneapolis, MN"
Cancer,2014,Both,Black,159.8,"Miami (Miami-Dade County), FL"
Cancer,2013,Both,White,138.7,"Long Beach, CA"
Cancer,2013,Male,All,148.4,"Long Beach, CA"
Cancer,2013,Both,Black,185.2,"Long Beach, CA"
Cancer,2013,Male,All,171.8,"Miami (Miami-Dade County), FL"
Cancer,2013,Female,All,107.7,"Miami (Miami-Dade County), FL"
Cancer,2013,Both,All,134.4,"Miami (Miami-Dade County), FL"
Cancer,2013,Both,Black,154.7,"Miami (Miami-Dade County), FL"
Cancer,2013,Both,Hispanic,123.2,"Miami (Miami-Dade County), FL"
Cancer,2013,Both,White,156.2,"Miami (Miami-Dade County), FL"
Cancer,2013,Male,All,219.5,"Minneapolis, MN"
Cancer,2013,Female,All,149.9,"Minneapolis, MN"
Cancer,2013,Both,All,178.6,"Minneapolis, MN"
Cancer,2013,Both,Hispanic,132.0,"Minneapolis, MN"
Cancer,2013,Both,Other,140.5,"Minneapolis, MN"
Cancer,2013,Both,White,181.9,"Minneapolis, MN"
Cancer,2013,Both,All,151.3,"New York, NY"
Cancer,2013,Female,All,131.1,"New York, NY"
Cancer,2013,Male,All,181.5,"New York, NY"
Cancer,2013,Both,Asian/PI,102.8,"New York, NY"
Cancer,2013,Both,Black,169.6,"New York, NY"
Cancer,2013,Both,Hispanic,118.4,"New York, NY"
Cancer,2013,Both,White,170.3,"New York, NY"
Cancer,2013,Male,All,107.1,"Phoenix, AZ"
Cancer,2013,Female,All,108.0,"Phoenix, AZ"
Cancer,2014,Both,Hispanic,128.2,"Miami (Miami-Dade County), FL"
Cancer,2013,Both,All,108.4,"Phoenix, AZ"
Cancer,2013,Both,Asian/PI,69.7,"Phoenix, AZ"
Cancer,2013,Both,Black,107.3,"Phoenix, AZ"
Cancer,2013,Both,Hispanic,39.1,"Phoenix, AZ"
Cancer,2013,Both,Multiracial,27.5,"Phoenix, AZ"
Cancer,2013,Both,Native American,20.1,"Phoenix, AZ"
Cancer,2013,Both,Other,0.2,"Phoenix, AZ"
Cancer,2013,Both,White,156.8,"Phoenix, AZ"
Cancer,2013,Male,All,207.8,"Portland (Multnomah County), OR"
Cancer,2013,Female,All,147.1,"Portland (Multnomah County), OR"
Cancer,2013,Both,All,170.5,"Portland (Multnomah County), OR"
Cancer,2013,Both,Asian/PI,125.7,"Portland (Multnomah County), OR"
Cancer,2013,Both,Black,243.9,"Portland (Multnomah County), OR"
Cancer,2013,Both,Hispanic,258.2,"Portland (Multnomah County), OR"
Cancer,2013,Both,Native American,88.4,"Portland (Multnomah County), OR"
Cancer,2013,Both,White,167.9,"Portland (Multnomah County), OR"
Cancer,2013,Male,All,257.8,"Sacramento, CA"
Cancer,2013,Female,All,257.8,"Sacramento, CA"
Cancer,2013,Both,All,284.2,"Sacramento, CA"
Cancer,2013,Both,Asian/PI,188.1,"Sacramento, CA"
Cancer,2013,Both,Black,183.1,"Sacramento, CA"
Cancer,2013,Both,Hispanic,92.1,"Sacramento, CA"
Cancer,2013,Both,Native American,188.1,"Sacramento, CA"
Cancer,2013,Both,White,483.1,"Sacramento, CA"
Cancer,2013,Both,White,166.5,"San Jose, CA"
Cancer,2013,Male,All,169.7,"San Antonio, TX"
Cancer,2013,Female,All,115.0,"San Antonio, TX"
Cancer,2013,Both,All,133.5,"San Antonio, TX"
Cancer,2013,Both,Black,172.5,"San Antonio, TX"
Cancer,2013,Both,Hispanic,126.9,"San Antonio, TX"
Cancer,2013,Both,Other,86.9,"San Antonio, TX"
Cancer,2013,Both,White,145.3,"San Antonio, TX"
Cancer,2013,Both,All,151.6,"San Jose, CA"
Cancer,2013,Male,All,189.7,"San Jose, CA"
Cancer,2013,Female,All,124.4,"San Jose, CA"
Cancer,2013,Both,Asian/PI,136.4,"San Jose, CA"
Cancer,2013,Both,Black,165.3,"San Jose, CA"
Cancer,2013,Both,Hispanic,147.8,"San Jose, CA"
Cancer,2013,Male,All,165.1,"Seattle, WA"
Cancer,2013,Female,All,131.0,"Seattle, WA"
Cancer,2013,Both,All,143.9,"Seattle, WA"
Cancer,2013,Both,Asian/PI,113.7,"Seattle, WA"
Cancer,2013,Both,Black,191.7,"Seattle, WA"
Cancer,2013,Both,Hispanic,78.1,"Seattle, WA"
Cancer,2013,Both,Multiracial,94.0,"Seattle, WA"
Cancer,2013,Both,White,148.4,"Seattle, WA"
Cancer,2014,Both,Asian/PI,102.8,"Long Beach, CA"
Cancer,2014,Female,All,111.3,"Long Beach, CA"
Cancer,2014,Female,All,115.5,"Miami (Miami-Dade County), FL"
Cancer,2014,Both,All,136.4,"Miami (Miami-Dade County), FL"
Cancer,2014,Both,Hispanic,115.9,"Long Beach, CA"
Cancer,2014,Both,All,134.0,"Long Beach, CA"
Cancer,2014,Both,White,140.5,"Long Beach, CA"
Cancer,2014,Both,Black,150.9,"Long Beach, CA"
Cancer,2014,Male,All,165.8,"Long Beach, CA"
Cancer,2014,Both,Multiracial,189.8,"Long Beach, CA"
Cancer,2014,Male,All,166.1,"Miami (Miami-Dade County), FL"
Cancer,2014,Both,White,145.4,"Miami (Miami-Dade County), FL"
Cancer,2014,Male,All,231.9,"Minneapolis, MN"
Cancer,2014,Female,All,136.3,"Minneapolis, MN"
Cancer,2014,Both,All,177.6,"Minneapolis, MN"
Cancer,2014,Both,Black,250.1,"Minneapolis, MN"
Cancer,2014,Both,Hispanic,40.5,"Minneapolis, MN"
Cancer,2014,Both,Other,240.6,"Minneapolis, MN"
Cancer,2014,Both,White,165.4,"Minneapolis, MN"
Cancer,2010,Female,All,21.2,"Boston, MA"
Cancer,2010,Female,Black,24.9,"Boston, MA"
Cancer,2010,Female,White,26.2,"Boston, MA"
Cancer,2010,Female,All,25.0,"Chicago, IL"
Cancer,2010,Female,Asian/PI,12.6,"Chicago, IL"
Cancer,2010,Female,Black,36.2,"Chicago, IL"
Cancer,2010,Female,Hispanic,6.9,"Chicago, IL"
Cancer,2010,Female,White,23.8,"Chicago, IL"
Cancer,2010,Female,All,19.4,"Fort Worth (Tarrant County), TX"
Cancer,2010,Female,Black,22.7,"Fort Worth (Tarrant County), TX"
Cancer,2010,Female,White,20.7,"Fort Worth (Tarrant County), TX"
Cancer,2010,Female,All,22.1,"Houston, TX"
Cancer,2010,Female,Black,23.1,"Houston, TX"
Cancer,2010,Female,Hispanic,8.7,"Houston, TX"
Cancer,2010,Female,White,10.8,"Houston, TX"
Cancer,2010,Female,All,12.3,"Los Angeles, CA"
Cancer,2010,Female,Asian/PI,7.4,"Los Angeles, CA"
Cancer,2010,Female,Black,38.2,"Los Angeles, CA"
Cancer,2010,Female,Native American,6.3,"Phoenix, AZ"
Cancer,2010,Female,Hispanic,8.8,"Los Angeles, CA"
Cancer,2010,Female,White,9.3,"Los Angeles, CA"
Cancer,2010,Female,All,19.5,"Miami (Miami-Dade County), FL"
Cancer,2010,Female,Black,30.2,"Miami (Miami-Dade County), FL"
Cancer,2010,Female,Hispanic,17.1,"Miami (Miami-Dade County), FL"
Cancer,2010,Female,White,20.3,"Miami (Miami-Dade County), FL"
Cancer,2010,Female,All,15.6,"Philadelphia, PA"
Cancer,2010,Female,Black,20.5,"Philadelphia, PA"
Cancer,2010,Female,White,13.4,"Philadelphia, PA"
Cancer,2010,Female,All,16.0,"Phoenix, AZ"
Cancer,2010,Female,Asian/PI,0.0,"Phoenix, AZ"
Cancer,2010,Female,Black,17.8,"Phoenix, AZ"
Cancer,2010,Female,Hispanic,0.0,"Phoenix, AZ"
Cancer,2010,Female,Multiracial,0.0,"Phoenix, AZ"
Cancer,2010,Female,Other,0.7,"Phoenix, AZ"
Cancer,2010,Female,White,28.9,"Phoenix, AZ"
Cancer,2010,Female,All,21.4,"San Diego County, CA"
Cancer,2010,Female,Black,24.2,"San Diego County, CA"
Cancer,2010,Female,Hispanic,16.6,"San Diego County, CA"
Cancer,2010,Female,White,24.6,"San Diego County, CA"
Cancer,2010,Female,All,22.1,U.S. Total
Cancer,2010,Female,Asian/PI,11.9,U.S. Total
Cancer,2010,Female,Black,31.3,U.S. Total
Cancer,2010,Female,Hispanic,14.4,U.S. Total
Cancer,2010,Female,Native American,11.5,U.S. Total
Cancer,2011,Female,Other,0.6,"Phoenix, AZ"
Cancer,2010,Female,White,22.1,U.S. Total
Cancer,2010,Female,All,29.4,"Washington, DC"
Cancer,2010,Female,Black,35.0,"Washington, DC"
Cancer,2010,Female,Hispanic,9.2,"Washington, DC"
Cancer,2010,Female,White,22.7,"Washington, DC"
Cancer,2011,Female,All,29.3,"Atlanta (Fulton County), GA"
Cancer,2011,Female,Black,40.7,"Atlanta (Fulton County), GA"
Cancer,2011,Female,White,21.5,"Atlanta (Fulton County), GA"
Cancer,2011,Female,All,17.4,"Boston, MA"
Cancer,2011,Female,Black,29.1,"Boston, MA"
Cancer,2011,Female,White,17.7,"Boston, MA"
Cancer,2011,Female,All,25.5,"Chicago, IL"
Cancer,2011,Female,Asian/PI,18.8,"Chicago, IL"
Cancer,2011,Female,Black,33.7,"Chicago, IL"
Cancer,2011,Female,Hispanic,12.2,"Chicago, IL"
Cancer,2011,Female,White,24.1,"Chicago, IL"
Cancer,2011,Female,Black,33.8,"Denver, CO"
Cancer,2011,Female,All,22.3,"Denver, CO"
Cancer,2011,Female,Asian/PI,11.2,"Denver, CO"
Cancer,2011,Female,Hispanic,15.5,"Denver, CO"
Cancer,2011,Female,Other,272.4,"Denver, CO"
Cancer,2011,Female,White,21.8,"Denver, CO"
Cancer,2011,Female,Black,31.8,"Detroit, MI"
Cancer,2011,Female,All,30.6,"Detroit, MI"
Cancer,2011,Female,All,21.5,"Fort Worth (Tarrant County), TX"
Cancer,2011,Female,Black,35.4,"Fort Worth (Tarrant County), TX"
Cancer,2011,Female,White,21.0,"Fort Worth (Tarrant County), TX"
Cancer,2011,Female,All,23.7,"Houston, TX"
Cancer,2011,Female,Asian/PI,7.1,"Houston, TX"
Cancer,2011,Female,Black,18.3,"Houston, TX"
Cancer,2011,Female,Hispanic,8.7,"Houston, TX"
Cancer,2011,Female,Other,7.1,"Houston, TX"
Cancer,2011,Female,White,13.8,"Houston, TX"
Cancer,2011,Female,All,31.1,"Kansas City, MO"
Cancer,2011,Female,Black,44.7,"Kansas City, MO"
Cancer,2011,Female,White,25.7,"Kansas City, MO"
Cancer,2011,Female,All,23.1,"Las Vegas (Clark County), NV"
Cancer,2011,Female,Black,42.6,"Las Vegas (Clark County), NV"
Cancer,2011,Female,Hispanic,12.8,"Las Vegas (Clark County), NV"
Cancer,2011,Female,Other,30.4,"Las Vegas (Clark County), NV"
Cancer,2011,Female,White,21.9,"Las Vegas (Clark County), NV"
Cancer,2011,Female,American Indian/Alaska Native,0.0,"Long Beach, CA"
Cancer,2012,Female,Asian/PI,9.2,"Chicago, IL"
Cancer,2011,Female,Multiracial,0.0,"Long Beach, CA"
Cancer,2011,Female,Asian/PI,4.5,"Long Beach, CA"
Cancer,2011,Female,Hispanic,11.3,"Long Beach, CA"
Cancer,2011,Female,White,13.5,"Long Beach, CA"
Cancer,2011,Female,Black,20.1,"Long Beach, CA"
Cancer,2011,Female,All,22.8,"Long Beach, CA"
Cancer,2011,Female,All,12.9,"Los Angeles, CA"
Cancer,2011,Female,Asian/PI,9.7,"Los Angeles, CA"
Cancer,2011,Female,Black,36.5,"Los Angeles, CA"
Cancer,2011,Female,Hispanic,10.5,"Los Angeles, CA"
Cancer,2011,Female,White,9.0,"Los Angeles, CA"
Cancer,2011,Female,All,19.3,"Miami (Miami-Dade County), FL"
Cancer,2011,Female,Black,26.7,"Miami (Miami-Dade County), FL"
Cancer,2011,Female,Hispanic,16.6,"Miami (Miami-Dade County), FL"
Cancer,2011,Female,White,24.4,"Miami (Miami-Dade County), FL"
Cancer,2011,Female,Black,29.7,"New York, NY"
Cancer,2011,Female,All,22.1,"New York, NY"
Cancer,2011,Female,Asian/PI,11.3,"New York, NY"
Cancer,2011,Female,Hispanic,15.9,"New York, NY"
Cancer,2011,Female,White,24.2,"New York, NY"
Cancer,2011,Female,All,21.0,"Oakland, CA"
Cancer,2011,Female,Asian/PI,14.5,"Oakland, CA"
Cancer,2011,Female,Black,26.6,"Oakland, CA"
Cancer,2011,Female,Hispanic,17.4,"Oakland, CA"
Cancer,2011,Female,White,21.4,"Oakland, CA"
Cancer,2011,Female,All,30.2,"Philadelphia, PA"
Cancer,2011,Female,Black,20.9,"Philadelphia, PA"
Cancer,2011,Female,White,17.8,"Philadelphia, PA"
Cancer,2011,Female,All,13.2,"Phoenix, AZ"
Cancer,2011,Female,Asian/PI,2.9,"Phoenix, AZ"
Cancer,2011,Female,Black,15.6,"Phoenix, AZ"
Cancer,2011,Female,Hispanic,3.1,"Phoenix, AZ"
Cancer,2011,Female,Multiracial,7.0,"Phoenix, AZ"
Cancer,2011,Female,Native American,0.0,"Phoenix, AZ"
Cancer,2011,Female,White,20.3,"Phoenix, AZ"
Cancer,2011,Female,All,21.7,"Portland (Multnomah County), OR"
Cancer,2011,Female,Asian/PI,18.3,"Portland (Multnomah County), OR"
Cancer,2011,Female,Black,13.1,"Portland (Multnomah County), OR"
Cancer,2011,Female,Hispanic,0.0,"Portland (Multnomah County), OR"
Cancer,2011,Female,Native American,0.0,"Portland (Multnomah County), OR"
Cancer,2011,Female,White,23.4,"Portland (Multnomah County), OR"
Cancer,2011,Female,All,38.1,"Sacramento, CA"
Cancer,2011,Female,All,17.1,"San Antonio, TX"
Cancer,2011,Female,Black,36.0,"San Antonio, TX"
Cancer,2011,Female,Hispanic,16.1,"San Antonio, TX"
Cancer,2011,Female,Other,8.8,"San Antonio, TX"
Cancer,2011,Female,White,16.0,"San Antonio, TX"
Cancer,2011,Female,All,20.8,"San Diego County, CA"
Cancer,2011,Female,Asian/PI,10.9,"San Diego County, CA"
Cancer,2011,Female,Black,24.9,"San Diego County, CA"
Cancer,2011,Female,Hispanic,15.6,"San Diego County, CA"
Cancer,2011,Female,White,22.9,"San Diego County, CA"
Cancer,2011,Female,All,16.8,"San Jose, CA"
Cancer,2011,Female,All,23.5,"Seattle, WA"
Cancer,2011,Female,White,29.3,"Seattle, WA"
Cancer,2011,Female,All,21.6,U.S. Total
Cancer,2011,Female,Asian/PI,11.3,U.S. Total
Cancer,2011,Female,Black,31.2,U.S. Total
Cancer,2011,Female,Hispanic,14.1,U.S. Total
Cancer,2011,Female,Native American,10.8,U.S. Total
Cancer,2011,Female,White,21.6,U.S. Total
Cancer,2011,Female,All,26.2,"Washington, DC"
Cancer,2011,Female,Black,30.9,"Washington, DC"
Cancer,2011,Female,Hispanic,12.5,"Washington, DC"
Cancer,2011,Female,White,21.8,"Washington, DC"
Cancer,2012,Female,All,27.3,"Atlanta (Fulton County), GA"
Cancer,2012,Female,Black,37.7,"Atlanta (Fulton County), GA"
Cancer,2012,Female,White,20.2,"Atlanta (Fulton County), GA"
Cancer,2012,Female,All,17.7,"Boston, MA"
Cancer,2012,Female,Black,21.9,"Boston, MA"
Cancer,2012,Female,White,22.3,"Boston, MA"
Cancer,2012,Female,All,26.7,"Chicago, IL"
Cancer,2012,Female,Hispanic,13.2,"Chicago, IL"
Cancer,2012,Female,White,23.5,"Chicago, IL"
Cancer,2012,Female,Black,36.6,"Denver, CO"
Cancer,2012,Female,All,26.2,"Denver, CO"
Cancer,2012,Female,Asian/PI,38.1,"Denver, CO"
Cancer,2012,Female,Hispanic,22.0,"Denver, CO"
Cancer,2012,Female,White,25.9,"Denver, CO"
Cancer,2012,Female,All,27.8,"Detroit, MI"
Cancer,2012,Female,Black,29.5,"Detroit, MI"
Cancer,2012,Female,All,22.2,"Fort Worth (Tarrant County), TX"
Cancer,2012,Female,Black,41.6,"Fort Worth (Tarrant County), TX"
Cancer,2012,Female,White,20.1,"Fort Worth (Tarrant County), TX"
Cancer,2012,Female,All,24.8,"Houston, TX"
Cancer,2012,Female,Asian/PI,10.8,"Houston, TX"
Cancer,2012,Female,Black,23.0,"Houston, TX"
Cancer,2012,Female,Hispanic,7.1,"Houston, TX"
Cancer,2012,Female,Other,10.8,"Houston, TX"
Cancer,2012,Female,White,13.7,"Houston, TX"
Cancer,2012,Female,All,25.9,"Kansas City, MO"
Cancer,2012,Female,Black,40.6,"Kansas City, MO"
Cancer,2012,Female,White,23.3,"Kansas City, MO"
Cancer,2012,Female,All,20.6,"Las Vegas (Clark County), NV"
Cancer,2012,Female,Black,27.5,"Las Vegas (Clark County), NV"
Cancer,2012,Female,Hispanic,20.6,"Las Vegas (Clark County), NV"
Cancer,2012,Female,Other,18.2,"Las Vegas (Clark County), NV"
Cancer,2012,Female,White,20.3,"Las Vegas (Clark County), NV"
Cancer,2012,Female,American Indian/Alaska Native,0.0,"Long Beach, CA"
Cancer,2013,Female,White,23.1,"Las Vegas (Clark County), NV"
Cancer,2012,Female,Asian/PI,3.5,"Long Beach, CA"
Cancer,2012,Female,Hispanic,5.4,"Long Beach, CA"
Cancer,2012,Female,White,11.8,"Long Beach, CA"
Cancer,2012,Female,Black,15.4,"Long Beach, CA"
Cancer,2012,Female,All,18.8,"Long Beach, CA"
Cancer,2012,Female,Multiracial,26.0,"Long Beach, CA"
Cancer,2012,Female,Black,30.7,"New York, NY"
Cancer,2012,Female,All,11.1,"Los Angeles, CA"
Cancer,2012,Female,Asian/PI,10.3,"Los Angeles, CA"
Cancer,2012,Female,Black,31.8,"Los Angeles, CA"
Cancer,2012,Female,Hispanic,6.1,"Los Angeles, CA"
Cancer,2012,Female,White,8.6,"Los Angeles, CA"
Cancer,2012,Female,All,19.9,"Miami (Miami-Dade County), FL"
Cancer,2012,Female,Black,30.2,"Miami (Miami-Dade County), FL"
Cancer,2012,Female,Hispanic,18.4,"Miami (Miami-Dade County), FL"
Cancer,2012,Female,White,17.4,"Miami (Miami-Dade County), FL"
Cancer,2012,Female,All,11.3,"Minneapolis, MN"
Cancer,2012,Female,Black,17.4,"Minneapolis, MN"
Cancer,2012,Female,White,11.9,"Minneapolis, MN"
Cancer,2012,Female,All,22.3,"New York, NY"
Cancer,2012,Female,Asian/PI,7.6,"New York, NY"
Cancer,2012,Female,Hispanic,15.2,"New York, NY"
Cancer,2012,Female,White,25.4,"New York, NY"
Cancer,2012,Female,White,12.2,"Philadelphia, PA"
Cancer,2012,Female,All,14.8,"Philadelphia, PA"
Cancer,2012,Female,Black,18.5,"Philadelphia, PA"
Cancer,2012,Female,All,15.1,"Phoenix, AZ"
Cancer,2012,Female,Asian/PI,19.3,"Phoenix, AZ"
Cancer,2012,Female,Black,11.0,"Phoenix, AZ"
Cancer,2012,Female,Hispanic,6.1,"Phoenix, AZ"
Cancer,2012,Female,Multiracial,3.5,"Phoenix, AZ"
Cancer,2012,Female,Native American,4.0,"Phoenix, AZ"
Cancer,2012,Female,White,20.7,"Phoenix, AZ"
Cancer,2012,Female,All,17.3,"Portland (Multnomah County), OR"
Cancer,2012,Female,Asian/PI,9.7,"Portland (Multnomah County), OR"
Cancer,2012,Female,Black,42.5,"Portland (Multnomah County), OR"
Cancer,2012,Female,Hispanic,0.0,"Portland (Multnomah County), OR"
Cancer,2012,Female,Native American,0.0,"Portland (Multnomah County), OR"
Cancer,2012,Female,White,17.2,"Portland (Multnomah County), OR"
Cancer,2012,Female,All,34.4,"Sacramento, CA"
Cancer,2012,Female,All,19.2,"San Antonio, TX"
Cancer,2012,Female,Black,29.0,"San Antonio, TX"
Cancer,2012,Female,Hispanic,17.4,"San Antonio, TX"
Cancer,2012,Female,Other,8.9,"San Antonio, TX"
Cancer,2013,Female,White,23.1,"Chicago, IL"
Cancer,2012,Female,White,19.3,"San Antonio, TX"
Cancer,2012,Female,All,22.5,"San Diego County, CA"
Cancer,2012,Female,Black,41.4,"San Diego County, CA"
Cancer,2012,Female,Hispanic,15.1,"San Diego County, CA"
Cancer,2012,Female,White,26.7,"San Diego County, CA"
Cancer,2012,Female,All,19.0,"San Jose, CA"
Cancer,2012,Female,All,21.1,"Seattle, WA"
Cancer,2012,Female,Asian/PI,10.3,"Seattle, WA"
Cancer,2012,Female,Black,21.2,"Seattle, WA"
Cancer,2012,Female,White,24.0,"Seattle, WA"
Cancer,2012,Female,All,21.3,U.S. Total
Cancer,2012,Female,Asian/PI,11.3,U.S. Total
Cancer,2012,Female,Black,30.2,U.S. Total
Cancer,2012,Female,Hispanic,14.7,U.S. Total
Cancer,2012,Female,Native American,10.8,U.S. Total
Cancer,2012,Female,White,21.3,U.S. Total
Cancer,2012,Female,All,30.8,"Washington, DC"
Cancer,2012,Female,Black,35.1,"Washington, DC"
Cancer,2012,Female,Hispanic,8.1,"Washington, DC"
Cancer,2012,Female,White,27.9,"Washington, DC"
Cancer,2013,Female,All,26.1,"Atlanta (Fulton County), GA"
Cancer,2013,Female,Black,35.4,"Atlanta (Fulton County), GA"
Cancer,2013,Female,White,18.8,"Atlanta (Fulton County), GA"
Cancer,2013,Female,All,24.9,"Chicago, IL"
Cancer,2013,Female,Asian/PI,20.0,"Chicago, IL"
Cancer,2013,Female,Black,33.3,"Chicago, IL"
Cancer,2013,Female,Hispanic,13.8,"Chicago, IL"
Cancer,2013,Female,All,25.7,"Denver, CO"
Cancer,2013,Female,Asian/PI,13.8,"Denver, CO"
Cancer,2013,Female,Black,29.2,"Denver, CO"
Cancer,2013,Female,Hispanic,20.8,"Denver, CO"
Cancer,2013,Female,Native American,55.4,"Denver, CO"
Cancer,2013,Female,White,27.1,"Denver, CO"
Cancer,2013,Female,All,28.6,"Detroit, MI"
Cancer,2013,Female,Black,28.5,"Detroit, MI"
Cancer,2013,Female,All,18.1,"Kansas City, MO"
Cancer,2013,Female,Black,23.4,"Kansas City, MO"
Cancer,2013,Female,White,16.1,"Kansas City, MO"
Cancer,2013,Female,All,22.8,"Las Vegas (Clark County), NV"
Cancer,2013,Female,Black,30.2,"Las Vegas (Clark County), NV"
Cancer,2013,Female,Hispanic,12.7,"Las Vegas (Clark County), NV"
Cancer,2013,Female,Other,18.3,"Las Vegas (Clark County), NV"
Cancer,2013,Female,American Indian/Alaska Native,0.0,"Long Beach, CA"
Cancer,2013,Female,Multiracial,0.0,"Long Beach, CA"
Cancer,2013,Female,Hispanic,5.5,"Long Beach, CA"
Cancer,2013,Female,Asian/PI,5.8,"Long Beach, CA"
Cancer,2013,Female,White,13.7,"Long Beach, CA"
Cancer,2013,Female,All,20.5,"Long Beach, CA"
Cancer,2013,Female,Black,25.9,"New York, NY"
Cancer,2013,Female,Black,22.4,"Long Beach, CA"
Cancer,2013,Female,All,17.1,"Miami (Miami-Dade County), FL"
Cancer,2013,Female,Black,25.7,"Miami (Miami-Dade County), FL"
Cancer,2013,Female,Hispanic,14.4,"Miami (Miami-Dade County), FL"
Cancer,2013,Female,White,20.7,"Miami (Miami-Dade County), FL"
Cancer,2013,Female,All,21.2,"Minneapolis, MN"
Cancer,2013,Female,Black,28.7,"Minneapolis, MN"
Cancer,2013,Female,Hispanic,49.3,"Minneapolis, MN"
Cancer,2013,Female,Other,7.8,"Minneapolis, MN"
Cancer,2013,Female,White,21.0,"Minneapolis, MN"
Cancer,2013,Female,Asian/PI,10.0,"New York, NY"
Cancer,2013,Female,All,21.2,"New York, NY"
Cancer,2013,Female,White,22.7,"Seattle, WA"
Cancer,2013,Female,Hispanic,14.6,"New York, NY"
Cancer,2013,Female,White,24.9,"New York, NY"
Cancer,2013,Female,All,16.8,"Phoenix, AZ"
Cancer,2013,Female,Asian/PI,6.4,"Phoenix, AZ"
Cancer,2013,Female,Black,18.2,"Phoenix, AZ"
Cancer,2013,Female,Hispanic,5.8,"Phoenix, AZ"
Cancer,2013,Female,Multiracial,4.0,"Phoenix, AZ"
Cancer,2013,Female,Native American,0.0,"Phoenix, AZ"
Cancer,2013,Female,White,24.5,"Phoenix, AZ"
Cancer,2013,Female,All,18.5,"Portland (Multnomah County), OR"
Cancer,2013,Female,Asian/PI,10.7,"Portland (Multnomah County), OR"
Cancer,2013,Female,Black,32.2,"Portland (Multnomah County), OR"
Cancer,2013,Female,Hispanic,22.0,"Portland (Multnomah County), OR"
Cancer,2013,Female,Native American,0.0,"Portland (Multnomah County), OR"
Cancer,2013,Female,White,18.4,"Portland (Multnomah County), OR"
Cancer,2013,Female,All,31.3,"Sacramento, CA"
Cancer,2013,Female,All,17.5,"San Antonio, TX"
Cancer,2013,Female,Black,33.6,"San Antonio, TX"
Cancer,2013,Female,Hispanic,16.2,"San Antonio, TX"
Cancer,2013,Female,Other,10.0,"San Antonio, TX"
Cancer,2013,Female,White,17.3,"San Antonio, TX"
Cancer,2013,Female,All,20.2,"San Jose, CA"
Cancer,2013,Female,All,20.6,"Seattle, WA"
Cancer,2013,Female,Asian/PI,11.6,"Seattle, WA"
Cancer,2013,Female,Black,32.3,"Seattle, WA"
Cancer,2014,Female,American Indian/Alaska Native,0.0,"Long Beach, CA"
Cancer,2014,Female,Asian/PI,7.0,"Long Beach, CA"
Cancer,2014,Female,Hispanic,10.5,"Long Beach, CA"
Cancer,2014,Female,Black,11.2,"Long Beach, CA"
Cancer,2014,Female,White,12.1,"Long Beach, CA"
Cancer,2014,Female,All,20.7,"Long Beach, CA"
Cancer,2010,Both,Black,41.9,"Boston, MA"
Cancer,2014,Female,Multiracial,35.2,"Long Beach, CA"
Cancer,2014,Female,All,19.8,"Miami (Miami-Dade County), FL"
Cancer,2014,Female,Black,32.2,"Miami (Miami-Dade County), FL"
Cancer,2014,Female,Hispanic,16.1,"Miami (Miami-Dade County), FL"
Cancer,2014,Female,White,23.6,"Miami (Miami-Dade County), FL"
Cancer,2014,Female,All,18.3,"Minneapolis, MN"
Cancer,2014,Female,Black,13.7,"Minneapolis, MN"
Cancer,2014,Both,Other,51.7,"Minneapolis, MN"
Cancer,2014,Female,White,16.2,"Minneapolis, MN"
Cancer,2010,Male,All,58.6,"Boston, MA"
Cancer,2010,Female,All,31.8,"Boston, MA"
Cancer,2010,Both,All,43.2,"Boston, MA"
Cancer,2010,Both,Asian/PI,43.7,"Boston, MA"
Cancer,2010,Both,Hispanic,23.1,"Boston, MA"
Cancer,2010,Both,White,48.3,"Boston, MA"
Cancer,2010,Female,All,40.4,"Chicago, IL"
Cancer,2010,Male,All,60.6,"Chicago, IL"
Cancer,2010,Both,All,48.6,"Chicago, IL"
Cancer,2010,Both,Asian/PI,28.1,"Chicago, IL"
Cancer,2010,Both,Black,64.1,"Chicago, IL"
Cancer,2010,Both,Hispanic,17.0,"Chicago, IL"
Cancer,2010,Both,White,51.4,"Chicago, IL"
Cancer,2010,Male,All,57.5,"Fort Worth (Tarrant County), TX"
Cancer,2010,Female,All,39.1,"Fort Worth (Tarrant County), TX"
Cancer,2010,Both,All,46.7,"Fort Worth (Tarrant County), TX"
Cancer,2010,Both,Black,47.5,"Fort Worth (Tarrant County), TX"
Cancer,2010,Both,Hispanic,23.6,"Fort Worth (Tarrant County), TX"
Cancer,2010,Both,White,51.3,"Fort Worth (Tarrant County), TX"
Cancer,2010,Male,All,23.8,"Phoenix, AZ"
Cancer,2010,Male,All,56.2,"Houston, TX"
Cancer,2010,Female,All,31.7,"Houston, TX"
Cancer,2010,Both,All,42.1,"Houston, TX"
Cancer,2010,Both,Black,56.4,"Houston, TX"
Cancer,2010,Both,Hispanic,19.6,"Houston, TX"
Cancer,2010,Both,Other,24.6,"Houston, TX"
Cancer,2010,Both,White,47.6,"Houston, TX"
Cancer,2010,Male,All,23.3,"Los Angeles, CA"
Cancer,2010,Female,All,15.2,"Los Angeles, CA"
Cancer,2010,Both,All,18.7,"Los Angeles, CA"
Cancer,2010,Both,Asian/PI,17.1,"Los Angeles, CA"
Cancer,2010,Both,Black,55.7,"Los Angeles, CA"
Cancer,2010,Both,Hispanic,12.5,"Los Angeles, CA"
Cancer,2010,Both,White,13.8,"Los Angeles, CA"
Cancer,2010,Male,All,46.6,"Miami (Miami-Dade County), FL"
Cancer,2010,Female,All,19.9,"Miami (Miami-Dade County), FL"
Cancer,2010,Both,All,31.4,"Miami (Miami-Dade County), FL"
Cancer,2010,Both,Black,35.4,"Miami (Miami-Dade County), FL"
Cancer,2010,Both,Hispanic,27.1,"Miami (Miami-Dade County), FL"
Cancer,2010,Both,White,43.9,"Miami (Miami-Dade County), FL"
Cancer,2010,Male,All,68.3,"Philadelphia, PA"
Cancer,2010,Female,All,42.2,"Philadelphia, PA"
Cancer,2010,Both,All,52.7,"Philadelphia, PA"
Cancer,2010,Both,Black,64.3,"Philadelphia, PA"
Cancer,2010,Both,White,50.1,"Philadelphia, PA"
Cancer,2010,Both,Black,49.4,"Washington, DC"
Cancer,2010,Female,All,26.7,"Phoenix, AZ"
Cancer,2010,Both,All,25.4,"Phoenix, AZ"
Cancer,2010,Both,Asian/PI,15.4,"Phoenix, AZ"
Cancer,2010,Both,Black,20.5,"Phoenix, AZ"
Cancer,2010,Both,Hispanic,0.0,"Phoenix, AZ"
Cancer,2010,Both,Multiracial,0.0,"Phoenix, AZ"
Cancer,2010,Both,Native American,0.0,"Phoenix, AZ"
Cancer,2010,Both,Other,0.3,"Phoenix, AZ"
Cancer,2010,Both,White,46.8,"Phoenix, AZ"
Cancer,2010,Male,All,44.1,"San Diego County, CA"
Cancer,2010,Female,All,30.6,"San Diego County, CA"
Cancer,2010,Both,All,36.5,"San Diego County, CA"
Cancer,2010,Both,White,50.8,U.S. Total
Cancer,2010,Both,Asian/PI,27.1,"San Diego County, CA"
Cancer,2010,Both,Black,48.6,"San Diego County, CA"
Cancer,2010,Both,Hispanic,21.0,"San Diego County, CA"
Cancer,2010,Both,White,41.0,"San Diego County, CA"
Cancer,2010,Male,All,60.3,U.S. Total
Cancer,2010,Female,All,38.1,U.S. Total
Cancer,2010,Both,All,47.6,U.S. Total
Cancer,2010,Both,Asian/PI,24.8,U.S. Total
Cancer,2010,Both,Black,52.6,U.S. Total
Cancer,2010,Both,Hispanic,20.4,U.S. Total
Cancer,2010,Both,Native American,33.1,U.S. Total
Cancer,2010,Male,All,50.2,"Washington, DC"
Cancer,2010,Both,Hispanic,21.6,"Washington, DC"
Cancer,2010,Both,White,23.7,"Washington, DC"
Cancer,2011,Male,All,45.6,"Atlanta (Fulton County), GA"
Cancer,2011,Female,All,30.8,"Atlanta (Fulton County), GA"
Cancer,2011,Both,All,36.9,"Atlanta (Fulton County), GA"
Cancer,2011,Both,Black,46.6,"Atlanta (Fulton County), GA"
Cancer,2011,Both,White,30.1,"Atlanta (Fulton County), GA"
Cancer,2011,Male,All,58.2,"Boston, MA"
Cancer,2011,Female,All,30.1,"Boston, MA"
Cancer,2011,Both,All,42.1,"Boston, MA"
Cancer,2011,Both,Asian/PI,24.2,"Boston, MA"
Cancer,2011,Both,Black,48.8,"Boston, MA"
Cancer,2011,Both,Hispanic,19.9,"Boston, MA"
Cancer,2011,Both,White,47.8,"Boston, MA"
Cancer,2011,Male,All,65.8,"Chicago, IL"
Cancer,2011,Female,All,34.5,"Chicago, IL"
Cancer,2011,Both,All,47.3,"Chicago, IL"
Cancer,2011,Both,Asian/PI,20.7,"Chicago, IL"
Cancer,2011,Both,Black,62.8,"Chicago, IL"
Cancer,2011,Both,Hispanic,19.7,"Chicago, IL"
Cancer,2011,Both,White,48.6,"Chicago, IL"
Cancer,2011,Male,All,41.6,"Denver, CO"
Cancer,2011,Female,All,28.9,"Denver, CO"
Cancer,2011,Both,All,34.5,"Denver, CO"
Cancer,2011,Both,Asian/PI,49.2,"Denver, CO"
Cancer,2011,Both,Black,46.8,"Denver, CO"
Cancer,2011,Both,Hispanic,30.0,"Denver, CO"
Cancer,2011,Both,Native American,26.8,"Denver, CO"
Cancer,2011,Both,White,34.6,"Denver, CO"
Cancer,2011,Male,All,73.0,"Detroit, MI"
Cancer,2011,Female,All,45.7,"Detroit, MI"
Cancer,2011,Both,All,56.5,"Detroit, MI"
Cancer,2011,Both,Black,56.9,"Detroit, MI"
Cancer,2011,Both,White,53.8,"Detroit, MI"
Cancer,2011,Male,All,62.6,"Fort Worth (Tarrant County), TX"
Cancer,2011,Female,All,36.5,"Fort Worth (Tarrant County), TX"
Cancer,2011,Both,All,47.3,"Fort Worth (Tarrant County), TX"
Cancer,2011,Both,Black,48.7,"Fort Worth (Tarrant County), TX"
Cancer,2011,Both,Hispanic,24.2,"Fort Worth (Tarrant County), TX"
Cancer,2011,Both,Other,36.0,"Fort Worth (Tarrant County), TX"
Cancer,2011,Both,White,51.5,"Fort Worth (Tarrant County), TX"
Cancer,2011,Male,All,48.7,"Houston, TX"
Cancer,2011,Female,All,31.7,"Houston, TX"
Cancer,2011,Both,All,39.0,"Houston, TX"
Cancer,2011,Both,Black,58.1,"Houston, TX"
Cancer,2011,Both,Hispanic,19.6,"Houston, TX"
Cancer,2011,Both,Other,25.7,"Houston, TX"
Cancer,2011,Both,White,41.9,"Houston, TX"
Cancer,2011,Male,All,78.8,"Kansas City, MO"
Cancer,2011,Female,All,37.8,"Kansas City, MO"
Cancer,2011,Both,All,54.6,"Kansas City, MO"
Cancer,2011,Both,Black,60.0,"Kansas City, MO"
Cancer,2011,Both,White,52.3,"Kansas City, MO"
Cancer,2011,Male,All,59.2,"Las Vegas (Clark County), NV"
Cancer,2011,Female,All,41.7,"Las Vegas (Clark County), NV"
Cancer,2011,Both,All,49.2,"Las Vegas (Clark County), NV"
Cancer,2011,Both,Black,59.6,"Las Vegas (Clark County), NV"
Cancer,2011,Both,Hispanic,33.0,"Las Vegas (Clark County), NV"
Cancer,2011,Both,Other,38.2,"Las Vegas (Clark County), NV"
Cancer,2011,Both,White,52.0,"Las Vegas (Clark County), NV"
Cancer,2011,Both,All,29.4,"Miami (Miami-Dade County), FL"
Cancer,2011,Both,Hispanic,17.2,"Long Beach, CA"
Cancer,2011,Both,Asian/PI,23.0,"Long Beach, CA"
Cancer,2011,Female,All,26.3,"Long Beach, CA"
Cancer,2011,Both,All,34.6,"Long Beach, CA"
Cancer,2011,Both,White,37.6,"Long Beach, CA"
Cancer,2011,Male,All,45.4,"Long Beach, CA"
Cancer,2011,Both,Black,29.2,"Miami (Miami-Dade County), FL"
Cancer,2011,Both,Black,61.5,"Long Beach, CA"
Cancer,2011,Male,All,20.9,"Los Angeles, CA"
Cancer,2011,Female,All,13.3,"Los Angeles, CA"
Cancer,2011,Both,All,16.6,"Los Angeles, CA"
Cancer,2011,Both,Asian/PI,19.0,"Los Angeles, CA"
Cancer,2011,Both,Black,49.8,"Los Angeles, CA"
Cancer,2011,Both,Hispanic,11.8,"Los Angeles, CA"
Cancer,2011,Both,White,10.3,"Los Angeles, CA"
Cancer,2011,Male,All,43.2,"Miami (Miami-Dade County), FL"
Cancer,2011,Female,All,19.2,"Miami (Miami-Dade County), FL"
Cancer,2011,Both,Hispanic,26.6,"Miami (Miami-Dade County), FL"
Cancer,2011,Both,White,38.0,"Miami (Miami-Dade County), FL"
Cancer,2011,Both,All,34.2,"New York, NY"
Cancer,2011,Female,All,27.0,"New York, NY"
Cancer,2011,Male,All,44.3,"New York, NY"
Cancer,2011,Both,Asian/PI,24.3,"New York, NY"
Cancer,2011,Both,Black,38.1,"New York, NY"
Cancer,2011,Both,Hispanic,20.6,"New York, NY"
Cancer,2011,Both,White,42.0,"New York, NY"
Cancer,2011,Male,All,46.4,"Oakland, CA"
Cancer,2011,Female,All,29.4,"Oakland, CA"
Cancer,2011,Both,All,36.3,"Oakland, CA"
Cancer,2011,Both,Asian/PI,32.6,"Oakland, CA"
Cancer,2011,Both,Black,54.3,"Oakland, CA"
Cancer,2011,Both,Hispanic,17.3,"Oakland, CA"
Cancer,2011,Both,White,28.3,"Oakland, CA"
Cancer,2011,Male,All,70.6,"Philadelphia, PA"
Cancer,2011,Female,All,49.6,"Philadelphia, PA"
Cancer,2011,Both,All,57.9,"Philadelphia, PA"
Cancer,2011,Both,Asian/PI,38.4,"Philadelphia, PA"
Cancer,2011,Both,Black,65.2,"Philadelphia, PA"
Cancer,2011,Both,White,59.8,"Philadelphia, PA"
Cancer,2011,Male,All,25.4,"Phoenix, AZ"
Cancer,2011,Female,All,24.2,"Phoenix, AZ"
Cancer,2011,Both,All,25.0,"Phoenix, AZ"
Cancer,2011,Both,Asian/PI,17.1,"Phoenix, AZ"
Cancer,2011,Both,Black,24.0,"Phoenix, AZ"
Cancer,2011,Both,Hispanic,4.7,"Phoenix, AZ"
Cancer,2011,Both,Multiracial,5.6,"Phoenix, AZ"
Cancer,2011,Both,Native American,0.0,"Phoenix, AZ"
Cancer,2011,Both,White,40.6,"Phoenix, AZ"
Cancer,2011,Male,All,54.2,"Portland (Multnomah County), OR"
Cancer,2011,Female,All,44.5,"Portland (Multnomah County), OR"
Cancer,2011,Both,All,49.1,"Portland (Multnomah County), OR"
Cancer,2011,Both,Asian/PI,20.8,"Portland (Multnomah County), OR"
Cancer,2011,Both,Black,66.2,"Portland (Multnomah County), OR"
Cancer,2011,Both,Hispanic,18.4,"Portland (Multnomah County), OR"
Cancer,2011,Both,Native American,21.2,"Portland (Multnomah County), OR"
Cancer,2011,Both,White,51.3,"Portland (Multnomah County), OR"
Cancer,2011,Male,All,59.7,"Sacramento, CA"
Cancer,2011,Female,All,71.6,"Sacramento, CA"
Cancer,2011,Both,Asian/PI,37.3,"Sacramento, CA"
Cancer,2011,Both,Black,70.3,"Sacramento, CA"
Cancer,2011,Both,Hispanic,13.3,"Sacramento, CA"
Cancer,2011,Both,White,125.3,"Sacramento, CA"
Cancer,2011,Male,All,53.3,"San Antonio, TX"
Cancer,2011,Female,All,24.3,"San Antonio, TX"
Cancer,2011,Both,All,31.6,"San Antonio, TX"
Cancer,2011,Both,Black,47.9,"San Antonio, TX"
Cancer,2011,Both,Hispanic,21.4,"San Antonio, TX"
Cancer,2011,Both,Other,6.2,"San Antonio, TX"
Cancer,2011,Both,White,43.3,"San Antonio, TX"
Cancer,2011,Male,All,44.6,"San Diego County, CA"
Cancer,2011,Female,All,29.8,"San Diego County, CA"
Cancer,2011,Both,All,36.2,"San Diego County, CA"
Cancer,2011,Both,Asian/PI,28.5,"San Diego County, CA"
Cancer,2011,Both,Black,48.7,"San Diego County, CA"
Cancer,2011,Both,Hispanic,24.0,"San Diego County, CA"
Cancer,2011,Both,Other,43.8,"San Diego County, CA"
Cancer,2011,Both,White,39.6,"San Diego County, CA"
Cancer,2011,Male,All,43.0,"San Jose, CA"
Cancer,2011,Female,All,26.8,"San Jose, CA"
Cancer,2011,Both,All,33.8,"San Jose, CA"
Cancer,2011,Both,Asian/PI,28.8,"San Jose, CA"
Cancer,2011,Both,Hispanic,17.5,"San Jose, CA"
Cancer,2011,Both,White,42.8,"San Jose, CA"
Cancer,2011,Male,All,43.5,"Seattle, WA"
Cancer,2011,Female,All,28.6,"Seattle, WA"
Cancer,2011,Both,All,35.1,"Seattle, WA"
Cancer,2011,Both,Asian/PI,34.7,"Seattle, WA"
Cancer,2011,Both,Black,57.5,"Seattle, WA"
Cancer,2011,Both,White,33.5,"Seattle, WA"
Cancer,2011,Male,All,57.7,U.S. Total
Cancer,2011,Female,All,37.1,U.S. Total
Cancer,2011,Both,All,46.0,U.S. Total
Cancer,2011,Both,Asian/PI,24.6,U.S. Total
Cancer,2011,Both,Black,50.5,U.S. Total
Cancer,2011,Both,Hispanic,19.8,U.S. Total
Cancer,2011,Both,Native American,29.9,U.S. Total
Cancer,2011,Both,White,49.2,U.S. Total
Cancer,2011,Male,All,48.6,"Washington, DC"
Cancer,2011,Female,All,34.3,"Washington, DC"
Cancer,2011,Both,All,40.2,"Washington, DC"
Cancer,2011,Both,Black,51.8,"Washington, DC"
Cancer,2011,Both,Hispanic,13.8,"Washington, DC"
Cancer,2011,Both,White,27.5,"Washington, DC"
Cancer,2012,Male,All,52.7,"Atlanta (Fulton County), GA"
Cancer,2012,Female,All,27.3,"Atlanta (Fulton County), GA"
Cancer,2012,Both,All,37.4,"Atlanta (Fulton County), GA"
Cancer,2012,Both,Black,44.7,"Atlanta (Fulton County), GA"
Cancer,2012,Both,White,32.0,"Atlanta (Fulton County), GA"
Cancer,2012,Male,All,50.5,"Boston, MA"
Cancer,2012,Female,All,41.8,"Boston, MA"
Cancer,2012,Both,All,47.2,"Las Vegas (Clark County), NV"
Cancer,2012,Both,All,45.2,"Boston, MA"
Cancer,2012,Both,Asian/PI,42.1,"Boston, MA"
Cancer,2012,Both,Black,37.8,"Boston, MA"
Cancer,2012,Both,Hispanic,22.2,"Boston, MA"
Cancer,2012,Both,White,54.3,"Boston, MA"
Cancer,2012,Male,All,59.3,"Chicago, IL"
Cancer,2012,Female,All,37.4,"Chicago, IL"
Cancer,2012,Both,All,46.2,"Chicago, IL"
Cancer,2012,Both,Asian/PI,19.9,"Chicago, IL"
Cancer,2012,Both,Black,62.7,"Chicago, IL"
Cancer,2012,Both,Hispanic,21.3,"Chicago, IL"
Cancer,2012,Both,White,45.3,"Chicago, IL"
Cancer,2012,Male,All,45.6,"Denver, CO"
Cancer,2012,Female,All,34.6,"Denver, CO"
Cancer,2012,Both,All,39.5,"Denver, CO"
Cancer,2012,Both,Black,62.5,"Las Vegas (Clark County), NV"
Cancer,2012,Both,Asian/PI,25.7,"Denver, CO"
Cancer,2012,Both,Black,50.3,"Denver, CO"
Cancer,2012,Both,Hispanic,32.9,"Denver, CO"
Cancer,2012,Both,White,41.4,"Denver, CO"
Cancer,2012,Male,All,79.2,"Detroit, MI"
Cancer,2012,Female,All,48.9,"Detroit, MI"
Cancer,2012,Both,All,61.2,"Detroit, MI"
Cancer,2012,Both,Black,62.1,"Detroit, MI"
Cancer,2012,Both,White,56.9,"Detroit, MI"
Cancer,2012,Male,All,59.1,"Fort Worth (Tarrant County), TX"
Cancer,2012,Female,All,37.4,"Fort Worth (Tarrant County), TX"
Cancer,2012,Both,All,46.2,"Fort Worth (Tarrant County), TX"
Cancer,2012,Both,Black,56.0,"Fort Worth (Tarrant County), TX"
Cancer,2012,Both,Hispanic,19.4,"Fort Worth (Tarrant County), TX"
Cancer,2012,Both,White,50.3,"Fort Worth (Tarrant County), TX"
Cancer,2012,Male,All,48.6,"Houston, TX"
Cancer,2012,Female,All,32.2,"Houston, TX"
Cancer,2012,Both,All,39.2,"Houston, TX"
Cancer,2012,Both,Black,52.1,"Houston, TX"
Cancer,2012,Both,Hispanic,14.5,"Houston, TX"
Cancer,2012,Both,Other,20.4,"Houston, TX"
Cancer,2012,Both,White,47.3,"Houston, TX"
Cancer,2012,Male,All,73.8,"Kansas City, MO"
Cancer,2012,Female,All,38.5,"Kansas City, MO"
Cancer,2012,Both,All,53.3,"Kansas City, MO"
Cancer,2012,Both,Black,54.1,"Kansas City, MO"
Cancer,2012,Both,White,57.4,"Kansas City, MO"
Cancer,2012,Male,All,55.0,"Las Vegas (Clark County), NV"
Cancer,2012,Female,All,41.5,"Las Vegas (Clark County), NV"
Cancer,2012,Both,Hispanic,31.9,"Las Vegas (Clark County), NV"
Cancer,2012,Both,Other,30.5,"Las Vegas (Clark County), NV"
Cancer,2012,Both,White,49.5,"Las Vegas (Clark County), NV"
Cancer,2012,Both,Hispanic,17.0,"Long Beach, CA"
Cancer,2012,Female,All,24.8,"Long Beach, CA"
Cancer,2012,Both,Asian/PI,30.1,"Long Beach, CA"
Cancer,2012,Both,All,31.8,"Long Beach, CA"
Cancer,2012,Both,White,33.6,"Long Beach, CA"
Cancer,2012,Male,All,27.0,"Phoenix, AZ"
Cancer,2012,Both,Black,34.8,"Long Beach, CA"
Cancer,2012,Male,All,40.4,"Long Beach, CA"
Cancer,2012,Male,All,21.1,"Los Angeles, CA"
Cancer,2012,Female,All,11.7,"Los Angeles, CA"
Cancer,2012,Both,All,15.8,"Los Angeles, CA"
Cancer,2012,Both,Asian/PI,14.8,"Los Angeles, CA"
Cancer,2012,Both,Black,46.8,"Los Angeles, CA"
Cancer,2012,Both,Hispanic,9.0,"Los Angeles, CA"
Cancer,2012,Female,All,29.4,"Phoenix, AZ"
Cancer,2012,Both,White,12.7,"Los Angeles, CA"
Cancer,2012,Male,All,44.0,"Miami (Miami-Dade County), FL"
Cancer,2012,Female,All,18.3,"Miami (Miami-Dade County), FL"
Cancer,2012,Both,All,29.3,"Miami (Miami-Dade County), FL"
Cancer,2012,Both,Black,29.3,"Miami (Miami-Dade County), FL"
Cancer,2012,Both,Hispanic,27.3,"Miami (Miami-Dade County), FL"
Cancer,2012,Both,White,36.6,"Miami (Miami-Dade County), FL"
Cancer,2012,Male,All,53.5,"Minneapolis, MN"
Cancer,2012,Female,All,37.7,"Minneapolis, MN"
Cancer,2012,Both,All,44.5,"Minneapolis, MN"
Cancer,2012,Both,Black,52.4,"Minneapolis, MN"
Cancer,2012,Both,Hispanic,4.7,"Minneapolis, MN"
Cancer,2012,Both,Other,39.8,"Minneapolis, MN"
Cancer,2012,Both,White,43.9,"Minneapolis, MN"
Cancer,2012,Both,All,33.8,"New York, NY"
Cancer,2012,Female,All,26.1,"New York, NY"
Cancer,2012,Male,All,44.6,"New York, NY"
Cancer,2012,Both,Asian/PI,27.4,"New York, NY"
Cancer,2012,Both,Black,37.7,"New York, NY"
Cancer,2012,Both,Hispanic,20.0,"New York, NY"
Cancer,2012,Both,White,40.7,"New York, NY"
Cancer,2012,Male,All,73.2,"Philadelphia, PA"
Cancer,2012,Female,All,46.4,"Philadelphia, PA"
Cancer,2012,Both,All,56.9,"Philadelphia, PA"
Cancer,2012,Both,Black,63.2,"Philadelphia, PA"
Cancer,2012,Both,Hispanic,27.0,"Philadelphia, PA"
Cancer,2012,Both,White,56.2,"Philadelphia, PA"
Cancer,2012,Both,All,28.4,"Phoenix, AZ"
Cancer,2012,Both,Asian/PI,15.8,"Phoenix, AZ"
Cancer,2012,Both,Black,32.4,"Phoenix, AZ"
Cancer,2012,Both,Hispanic,4.9,"Phoenix, AZ"
Cancer,2012,Both,Multiracial,7.8,"Phoenix, AZ"
Cancer,2012,Both,Native American,7.1,"Phoenix, AZ"
Cancer,2012,Both,Other,0.6,"Phoenix, AZ"
Cancer,2012,Both,White,33.6,"Phoenix, AZ"
Cancer,2012,Male,All,42.9,"Portland (Multnomah County), OR"
Cancer,2012,Female,All,39.3,"Portland (Multnomah County), OR"
Cancer,2012,Both,All,40.8,"Portland (Multnomah County), OR"
Cancer,2012,Both,Asian/PI,48.7,"Portland (Multnomah County), OR"
Cancer,2012,Both,Black,44.5,"Portland (Multnomah County), OR"
Cancer,2012,Both,Hispanic,6.9,"Portland (Multnomah County), OR"
Cancer,2012,Both,Native American,41.0,"Portland (Multnomah County), OR"
Cancer,2012,Both,White,40.6,"Portland (Multnomah County), OR"
Cancer,2012,Male,All,72.5,"Sacramento, CA"
Cancer,2012,Female,All,68.0,"Sacramento, CA"
Cancer,2012,Both,Asian/PI,50.1,"Sacramento, CA"
Cancer,2012,Both,Black,65.5,"Sacramento, CA"
Cancer,2012,Both,Hispanic,16.3,"Sacramento, CA"
Cancer,2012,Both,White,133.3,"Sacramento, CA"
Cancer,2012,Male,All,38.7,"San Antonio, TX"
Cancer,2012,Female,All,22.2,"San Antonio, TX"
Cancer,2012,Both,Black,33.1,"Seattle, WA"
Cancer,2012,Both,All,29.0,"San Antonio, TX"
Cancer,2012,Both,Black,48.1,"San Antonio, TX"
Cancer,2012,Both,Hispanic,18.2,"San Antonio, TX"
Cancer,2012,Both,Other,30.7,"San Antonio, TX"
Cancer,2012,Both,White,37.1,"San Antonio, TX"
Cancer,2012,Male,All,40.6,"San Diego County, CA"
Cancer,2012,Female,All,31.4,"San Diego County, CA"
Cancer,2012,Both,All,35.4,"San Diego County, CA"
Cancer,2012,Both,Asian/PI,27.6,"San Diego County, CA"
Cancer,2012,Both,Black,54.3,"San Diego County, CA"
Cancer,2012,Both,White,38.3,"Seattle, WA"
Cancer,2012,Both,Hispanic,18.7,"San Diego County, CA"
Cancer,2012,Both,Other,38.6,"San Diego County, CA"
Cancer,2012,Both,White,39.6,"San Diego County, CA"
Cancer,2012,Both,All,32.0,"San Jose, CA"
Cancer,2012,Male,All,43.3,"San Jose, CA"
Cancer,2012,Female,All,24.2,"San Jose, CA"
Cancer,2012,Both,Asian/PI,27.4,"San Jose, CA"
Cancer,2012,Both,Hispanic,18.1,"San Jose, CA"
Cancer,2012,Both,White,40.6,"San Jose, CA"
Cancer,2012,Male,All,35.8,"Seattle, WA"
Cancer,2012,Female,All,32.8,"Seattle, WA"
Cancer,2012,Both,All,34.0,"Seattle, WA"
Cancer,2012,Both,Asian/PI,23.3,"Seattle, WA"
Cancer,2012,Male,All,56.1,U.S. Total
Cancer,2012,Female,All,36.4,U.S. Total
Cancer,2012,Both,All,44.9,U.S. Total
Cancer,2012,Both,Asian/PI,24.0,U.S. Total
Cancer,2012,Both,Black,49.6,U.S. Total
Cancer,2012,Both,Hispanic,19.2,U.S. Total
Cancer,2012,Both,Native American,30.1,U.S. Total
Cancer,2012,Both,White,48.0,U.S. Total
Cancer,2012,Both,All,40.2,"Washington, DC"
Cancer,2012,Male,All,51.9,"Washington, DC"
Cancer,2012,Female,All,32.1,"Washington, DC"
Cancer,2012,Both,Black,52.3,"Washington, DC"
Cancer,2012,Both,Hispanic,21.8,"Washington, DC"
Cancer,2012,Both,White,21.6,"Washington, DC"
Cancer,2013,Male,All,50.8,"Atlanta (Fulton County), GA"
Cancer,2013,Female,All,29.6,"Atlanta (Fulton County), GA"
Cancer,2013,Both,All,38.2,"Atlanta (Fulton County), GA"
Cancer,2013,Both,Black,52.2,"Atlanta (Fulton County), GA"
Cancer,2013,Both,White,29.2,"Atlanta (Fulton County), GA"
Cancer,2013,Male,All,54.4,"Chicago, IL"
Cancer,2013,Female,All,38.0,"Chicago, IL"
Cancer,2013,Both,All,44.9,"Chicago, IL"
Cancer,2013,Both,Asian/PI,36.8,"Chicago, IL"
Cancer,2013,Both,Black,56.8,"Chicago, IL"
Cancer,2013,Both,Hispanic,18.8,"Chicago, IL"
Cancer,2013,Both,White,47.2,"Chicago, IL"
Cancer,2013,Male,All,37.7,"Denver, CO"
Cancer,2013,Female,All,32.0,"Denver, CO"
Cancer,2013,Both,All,34.5,"Denver, CO"
Cancer,2013,Both,Asian/PI,21.2,"Denver, CO"
Cancer,2013,Both,Black,44.3,"Denver, CO"
Cancer,2013,Both,Hispanic,30.4,"Denver, CO"
Cancer,2013,Both,Native American,138.0,"Denver, CO"
Cancer,2013,Both,White,35.2,"Denver, CO"
Cancer,2013,Male,All,81.7,"Detroit, MI"
Cancer,2013,Female,All,44.9,"Detroit, MI"
Cancer,2013,Both,All,60.1,"Detroit, MI"
Cancer,2013,Both,Black,62.6,"Detroit, MI"
Cancer,2013,Both,White,43.3,"Detroit, MI"
Cancer,2013,Male,All,65.0,"Kansas City, MO"
Cancer,2013,Female,All,47.1,"Kansas City, MO"
Cancer,2013,Both,All,55.5,"Kansas City, MO"
Cancer,2013,Both,Black,63.4,"Kansas City, MO"
Cancer,2013,Both,White,59.2,"Kansas City, MO"
Cancer,2013,Male,All,54.8,"Las Vegas (Clark County), NV"
Cancer,2013,Female,All,37.1,"Las Vegas (Clark County), NV"
Cancer,2013,Both,All,44.7,"Las Vegas (Clark County), NV"
Cancer,2013,Both,Black,48.5,"Las Vegas (Clark County), NV"
Cancer,2013,Both,Hispanic,26.2,"Las Vegas (Clark County), NV"
Cancer,2013,Both,Other,37.9,"Las Vegas (Clark County), NV"
Cancer,2013,Both,White,47.6,"Las Vegas (Clark County), NV"
Cancer,2013,Both,Asian/PI,11.3,"Long Beach, CA"
Cancer,2013,Both,Hispanic,20.7,"Long Beach, CA"
Cancer,2013,Female,All,26.7,"Long Beach, CA"
Cancer,2013,Both,All,29.5,"Long Beach, CA"
Cancer,2013,Male,All,32.8,"Long Beach, CA"
Cancer,2013,Both,Hispanic,1.4,"Minneapolis, MN"
Cancer,2013,Both,White,34.9,"Long Beach, CA"
Cancer,2013,Both,Black,37.1,"Long Beach, CA"
Cancer,2013,Male,All,43.1,"Miami (Miami-Dade County), FL"
Cancer,2013,Female,All,18.2,"Miami (Miami-Dade County), FL"
Cancer,2013,Both,All,28.8,"Miami (Miami-Dade County), FL"
Cancer,2013,Both,Black,29.8,"Miami (Miami-Dade County), FL"
Cancer,2013,Both,Hispanic,25.5,"Miami (Miami-Dade County), FL"
Cancer,2013,Both,White,39.8,"Miami (Miami-Dade County), FL"
Cancer,2013,Male,All,55.9,"Minneapolis, MN"
Cancer,2013,Female,All,31.0,"Minneapolis, MN"
Cancer,2013,Both,All,41.2,"Minneapolis, MN"
Cancer,2013,Both,Black,33.7,"Minneapolis, MN"
Cancer,2013,Both,Asian/PI,15.2,"Phoenix, AZ"
Cancer,2013,Both,Other,4.3,"Minneapolis, MN"
Cancer,2013,Both,White,46.2,"Minneapolis, MN"
Cancer,2013,Both,All,33.2,"New York, NY"
Cancer,2013,Female,All,26.4,"New York, NY"
Cancer,2013,Male,All,43.1,"New York, NY"
Cancer,2013,Both,Asian/PI,25.1,"New York, NY"
Cancer,2013,Both,Black,34.8,"New York, NY"
Cancer,2013,Both,Hispanic,20.7,"New York, NY"
Cancer,2013,Both,White,40.7,"New York, NY"
Cancer,2013,Male,All,27.9,"Phoenix, AZ"
Cancer,2013,Female,All,25.5,"Phoenix, AZ"
Cancer,2013,Both,All,26.9,"Phoenix, AZ"
Cancer,2013,Both,Black,27.2,"Phoenix, AZ"
Cancer,2013,Both,Hispanic,5.5,"Phoenix, AZ"
Cancer,2013,Both,Multiracial,12.4,"Phoenix, AZ"
Cancer,2013,Both,Native American,4.5,"Phoenix, AZ"
Cancer,2013,Both,White,42.4,"Phoenix, AZ"
Cancer,2013,Male,All,48.5,"Portland (Multnomah County), OR"
Cancer,2013,Female,All,37.2,"Portland (Multnomah County), OR"
Cancer,2013,Both,All,41.6,"Portland (Multnomah County), OR"
Cancer,2013,Both,Asian/PI,21.2,"Portland (Multnomah County), OR"
Cancer,2013,Both,Black,49.4,"Portland (Multnomah County), OR"
Cancer,2013,Both,Hispanic,76.3,"Portland (Multnomah County), OR"
Cancer,2013,Both,Native American,57.2,"Portland (Multnomah County), OR"
Cancer,2013,Both,White,41.4,"Portland (Multnomah County), OR"
Cancer,2013,Male,All,67.5,"Sacramento, CA"
Cancer,2013,Female,All,53.0,"Sacramento, CA"
Cancer,2013,Both,Asian/PI,28.4,"Sacramento, CA"
Cancer,2013,Both,Black,59.0,"Sacramento, CA"
Cancer,2013,Both,Hispanic,10.9,"Sacramento, CA"
Cancer,2013,Both,White,121.5,"Sacramento, CA"
Cancer,2013,Male,All,37.6,"San Antonio, TX"
Cancer,2013,Female,All,23.1,"San Antonio, TX"
Cancer,2013,Both,All,28.1,"San Antonio, TX"
Cancer,2013,Both,Black,44.4,"San Antonio, TX"
Cancer,2013,Both,Hispanic,21.3,"San Antonio, TX"
Cancer,2013,Both,Other,19.4,"San Antonio, TX"
Cancer,2013,Both,White,35.8,"San Antonio, TX"
Cancer,2013,Male,All,40.2,"San Jose, CA"
Cancer,2013,Female,All,23.9,"San Jose, CA"
Cancer,2013,Both,All,30.9,"San Jose, CA"
Cancer,2013,Both,Asian/PI,28.4,"San Jose, CA"
Cancer,2013,Both,Hispanic,15.1,"San Jose, CA"
Cancer,2013,Both,White,39.2,"San Jose, CA"
Cancer,2013,Male,All,38.7,"Seattle, WA"
Cancer,2013,Female,All,26.1,"Seattle, WA"
Cancer,2013,Both,All,31.3,"Seattle, WA"
Cancer,2013,Both,Asian/PI,25.3,"Seattle, WA"
Cancer,2013,Both,Black,47.1,"Seattle, WA"
Cancer,2013,Both,White,31.8,"Seattle, WA"
Cancer,2014,Both,Asian/PI,17.9,"Long Beach, CA"
Cancer,2014,Both,Hispanic,20.4,"Long Beach, CA"
Cancer,2014,Both,Black,24.7,"Long Beach, CA"
Cancer,2014,Female,All,27.1,"Long Beach, CA"
Cancer,2014,Both,All,29.9,"Long Beach, CA"
Cancer,2014,Male,All,33.6,"Long Beach, CA"
Cancer,2014,Both,White,35.4,"Long Beach, CA"
Cancer,2014,Male,All,38.4,"Miami (Miami-Dade County), FL"
Cancer,2014,Female,All,21.0,"Miami (Miami-Dade County), FL"
Cancer,2014,Both,All,28.4,"Miami (Miami-Dade County), FL"
Cancer,2014,Both,Black,30.0,"Miami (Miami-Dade County), FL"
Cancer,2014,Both,Hispanic,26.7,"Miami (Miami-Dade County), FL"
Cancer,2014,Both,White,33.3,"Miami (Miami-Dade County), FL"
Cancer,2014,Male,All,63.1,"Minneapolis, MN"
Cancer,2014,Female,All,32.3,"Minneapolis, MN"
Cancer,2014,Both,All,46.2,"Minneapolis, MN"
Cancer,2014,Both,Black,62.9,"Minneapolis, MN"
Cancer,2014,Both,Other,41.7,"Minneapolis, MN"
Cancer,2014,Both,White,45.0,"Minneapolis, MN"
